id,label,position
0,0,-1
1,0,-1
2,0,-1
3,0,-1
4,0,-1
5,0,-1
6,0,-1
7,0,-1
8,0,-1
9,0,-1
10,0,-1
11,0,-1
12,0,-1
13,0,-1
14,0,-1
15,0,-1
16,0,-1
17,0,-1
18,0,-1
19,0,-1
20,0,-1
21,0,-1
22,0,-1
23,0,-1
24,0,-1
25,0,-1
26,0,-1
27,0,-1
28,0,-1
29,0,-1
30,0,-1
31,0,-1
32,0,-1
33,0,-1
34,0,-1
35,0,-1
36,0,-1
37,0,-1
38,0,-1
39,0,-1
40,0,-1
41,0,-1
42,0,-1
43,0,-1
44,0,-1
45,0,-1
46,0,-1
47,0,-1
48,0,-1
49,0,-1
50,0,-1
51,0,-1
52,0,-1
53,0,-1
54,0,-1
55,0,-1
56,0,-1
57,0,-1
58,0,-1
59,0,-1
60,0,-1
61,0,-1
62,0,-1
63,0,-1
64,0,-1
65,0,-1
66,0,-1
67,0,-1
68,0,-1
69,0,-1
70,0,-1
71,0,-1
72,0,-1
73,0,-1
74,0,-1
75,0,-1
76,0,-1
77,0,-1
78,0,-1
79,0,-1
80,0,-1
81,0,-1
82,0,-1
83,0,-1
84,0,-1
85,0,-1
86,0,-1
87,0,-1
88,0,-1
89,0,-1
90,0,-1
91,0,-1
92,0,-1
93,0,-1
94,0,-1
95,0,-1
96,0,-1
97,0,-1
98,0,-1
99,0,-1
100,0,-1
101,0,-1
102,0,-1
103,0,-1
104,0,-1
105,0,-1
106,0,-1
107,0,-1
108,0,-1
109,0,-1
110,0,-1
111,0,-1
112,0,-1
113,0,-1
114,0,-1
115,0,-1
116,0,-1
117,0,-1
118,0,-1
119,0,-1
120,0,-1
121,0,-1
122,0,-1
123,0,-1
124,0,-1
125,0,-1
126,0,-1
127,0,-1
128,0,-1
129,0,-1
130,0,-1
131,0,-1
132,0,-1
133,0,-1
134,0,-1
135,0,-1
136,0,-1
137,0,-1
138,0,-1
139,0,-1
140,0,-1
141,0,-1
142,0,-1
143,0,-1
144,0,-1
145,0,-1
146,0,-1
147,0,-1
148,0,-1
149,0,-1
150,0,-1
151,0,-1
152,0,-1
153,0,-1
154,0,-1
155,0,-1
156,0,-1
157,0,-1
158,0,-1
159,0,-1
160,0,-1
161,0,-1
162,0,-1
163,0,-1
164,0,-1
165,0,-1
166,0,-1
167,0,-1
168,0,-1
169,0,-1
170,0,-1
171,0,-1
172,0,-1
173,0,-1
174,0,-1
175,0,-1
176,0,-1
177,0,-1
178,0,-1
179,0,-1
180,0,-1
181,0,-1
182,0,-1
183,0,-1
184,0,-1
185,0,-1
186,0,-1
187,0,-1
188,0,-1
189,0,-1
190,0,-1
191,0,-1
192,0,-1
193,0,-1
194,0,-1
195,0,-1
196,0,-1
197,0,-1
198,0,-1
199,0,-1
200,0,-1
201,0,-1
202,0,-1
203,0,-1
204,0,-1
205,0,-1
206,0,-1
207,0,-1
208,0,-1
209,0,-1
210,0,-1
211,0,-1
212,0,-1
213,0,-1
214,0,-1
215,0,-1
216,0,-1
217,0,-1
218,0,-1
219,0,-1
220,0,-1
221,0,-1
222,0,-1
223,0,-1
224,0,-1
225,0,-1
226,0,-1
227,0,-1
228,0,-1
229,0,-1
230,0,-1
231,0,-1
232,0,-1
233,0,-1
234,0,-1
235,0,-1
236,0,-1
237,0,-1
238,0,-1
239,0,-1
240,0,-1
241,0,-1
242,0,-1
243,0,-1
244,0,-1
245,0,-1
246,0,-1
247,0,-1
248,0,-1
249,0,-1
250,0,-1
251,0,-1
252,0,-1
253,0,-1
254,0,-1
255,0,-1
256,0,-1
257,0,-1
258,0,-1
259,0,-1
260,0,-1
261,0,-1
262,0,-1
263,0,-1
264,0,-1
265,0,-1
266,0,-1
267,0,-1
268,0,-1
269,0,-1
270,0,-1
271,0,-1
272,0,-1
273,0,-1
274,0,-1
275,0,-1
276,0,-1
277,0,-1
278,0,-1
279,0,-1
280,0,-1
281,0,-1
282,0,-1
283,0,-1
284,0,-1
285,0,-1
286,0,-1
287,0,-1
288,0,-1
289,0,-1
290,0,-1
291,0,-1
292,0,-1
293,0,-1
294,0,-1
295,0,-1
296,0,-1
297,0,-1
298,0,-1
299,0,-1
300,0,-1
301,0,-1
302,0,-1
303,0,-1
304,0,-1
305,0,-1
306,0,-1
307,0,-1
308,0,-1
309,0,-1
310,0,-1
311,0,-1
312,0,-1
313,0,-1
314,0,-1
315,0,-1
316,0,-1
317,0,-1
318,0,-1
319,0,-1
320,0,-1
321,0,-1
322,0,-1
323,0,-1
324,0,-1
325,0,-1
326,0,-1
327,0,-1
328,0,-1
329,0,-1
330,0,-1
331,0,-1
332,0,-1
333,0,-1
334,0,-1
335,0,-1
336,0,-1
337,0,-1
338,0,-1
339,0,-1
340,0,-1
341,0,-1
342,0,-1
343,0,-1
344,0,-1
345,0,-1
346,0,-1
347,0,-1
348,0,-1
349,0,-1
350,0,-1
351,0,-1
352,0,-1
353,0,-1
354,0,-1
355,0,-1
356,0,-1
357,0,-1
358,0,-1
359,0,-1
360,0,-1
361,0,-1
362,0,-1
363,0,-1
364,0,-1
365,0,-1
366,0,-1
367,0,-1
368,0,-1
369,0,-1
370,0,-1
371,0,-1
372,0,-1
373,0,-1
374,0,-1
375,0,-1
376,0,-1
377,0,-1
378,0,-1
379,0,-1
380,0,-1
381,0,-1
382,0,-1
383,0,-1
384,0,-1
385,0,-1
386,0,-1
387,0,-1
388,0,-1
389,0,-1
390,0,-1
391,0,-1
392,0,-1
393,0,-1
394,0,-1
395,0,-1
396,0,-1
397,0,-1
398,0,-1
399,0,-1
400,0,-1
401,0,-1
402,0,-1
403,0,-1
404,0,-1
405,0,-1
406,0,-1
407,0,-1
408,0,-1
409,0,-1
410,0,-1
411,0,-1
412,0,-1
413,0,-1
414,0,-1
415,0,-1
416,0,-1
417,0,-1
418,0,-1
419,0,-1
420,0,-1
421,0,-1
422,0,-1
423,0,-1
424,0,-1
425,0,-1
426,0,-1
427,0,-1
428,0,-1
429,0,-1
430,0,-1
431,0,-1
432,0,-1
433,0,-1
434,0,-1
435,0,-1
436,0,-1
437,0,-1
438,0,-1
439,0,-1
440,0,-1
441,0,-1
442,0,-1
443,0,-1
444,0,-1
445,0,-1
446,0,-1
447,0,-1
448,0,-1
449,0,-1
450,0,-1
451,0,-1
452,0,-1
453,0,-1
454,0,-1
455,0,-1
456,0,-1
457,0,-1
458,0,-1
459,0,-1
460,0,-1
461,0,-1
462,0,-1
463,0,-1
464,0,-1
465,0,-1
466,0,-1
467,0,-1
468,0,-1
469,0,-1
470,0,-1
471,0,-1
472,0,-1
473,0,-1
474,0,-1
475,0,-1
476,0,-1
477,0,-1
478,0,-1
479,0,-1
480,0,-1
481,0,-1
482,0,-1
483,0,-1
484,0,-1
485,0,-1
486,0,-1
487,0,-1
488,0,-1
489,0,-1
490,0,-1
491,0,-1
492,0,-1
493,0,-1
494,0,-1
495,0,-1
496,0,-1
497,0,-1
498,0,-1
499,0,-1
500,0,-1
501,0,-1
502,0,-1
503,0,-1
504,0,-1
505,0,-1
506,0,-1
507,0,-1
508,0,-1
509,0,-1
510,0,-1
511,0,-1
512,0,-1
513,0,-1
514,0,-1
515,0,-1
516,0,-1
517,0,-1
518,0,-1
519,0,-1
520,0,-1
521,0,-1
522,0,-1
523,0,-1
524,0,-1
525,0,-1
526,0,-1
527,0,-1
528,0,-1
529,0,-1
530,0,-1
531,0,-1
532,0,-1
533,0,-1
534,0,-1
535,0,-1
536,0,-1
537,0,-1
538,0,-1
539,0,-1
540,0,-1
541,0,-1
542,0,-1
543,0,-1
544,0,-1
545,0,-1
546,0,-1
547,0,-1
548,0,-1
549,0,-1
550,0,-1
551,0,-1
552,0,-1
553,0,-1
554,0,-1
555,0,-1
556,0,-1
557,0,-1
558,0,-1
559,0,-1
560,0,-1
561,0,-1
562,0,-1
563,0,-1
564,0,-1
565,0,-1
566,0,-1
567,0,-1
568,0,-1
569,0,-1
570,0,-1
571,0,-1
572,0,-1
573,0,-1
574,0,-1
575,0,-1
576,0,-1
577,0,-1
578,0,-1
579,0,-1
580,0,-1
581,0,-1
582,0,-1
583,0,-1
584,0,-1
585,0,-1
586,0,-1
587,0,-1
588,0,-1
589,0,-1
590,0,-1
591,0,-1
592,0,-1
593,0,-1
594,0,-1
595,0,-1
596,0,-1
597,0,-1
598,0,-1
599,0,-1
600,0,-1
601,0,-1
602,0,-1
603,0,-1
604,0,-1
605,0,-1
606,0,-1
607,0,-1
608,0,-1
609,0,-1
610,0,-1
611,0,-1
612,0,-1
613,0,-1
614,0,-1
615,0,-1
616,0,-1
617,0,-1
618,0,-1
619,0,-1
620,0,-1
621,0,-1
622,0,-1
623,0,-1
624,0,-1
625,0,-1
626,0,-1
627,0,-1
628,0,-1
629,0,-1
630,0,-1
631,0,-1
632,0,-1
633,0,-1
634,0,-1
635,0,-1
636,0,-1
637,0,-1
638,0,-1
639,0,-1
640,0,-1
641,0,-1
642,0,-1
643,0,-1
644,0,-1
645,0,-1
646,0,-1
647,0,-1
648,0,-1
649,0,-1
650,0,-1
651,0,-1
652,0,-1
653,0,-1
654,0,-1
655,0,-1
656,0,-1
657,0,-1
658,0,-1
659,0,-1
660,0,-1
661,0,-1
662,0,-1
663,0,-1
664,0,-1
665,0,-1
666,0,-1
667,0,-1
668,0,-1
669,0,-1
670,0,-1
671,0,-1
672,0,-1
673,0,-1
674,0,-1
675,0,-1
676,0,-1
677,0,-1
678,0,-1
679,0,-1
680,0,-1
681,0,-1
682,0,-1
683,0,-1
684,0,-1
685,0,-1
686,0,-1
687,0,-1
688,0,-1
689,0,-1
690,0,-1
691,0,-1
692,0,-1
693,0,-1
694,0,-1
695,0,-1
696,0,-1
697,0,-1
698,0,-1
699,0,-1
700,0,-1
701,0,-1
702,0,-1
703,0,-1
704,0,-1
705,0,-1
706,0,-1
707,0,-1
708,0,-1
709,0,-1
710,0,-1
711,0,-1
712,0,-1
713,0,-1
714,0,-1
715,0,-1
716,0,-1
717,0,-1
718,0,-1
719,0,-1
720,0,-1
721,0,-1
722,0,-1
723,0,-1
724,0,-1
725,0,-1
726,0,-1
727,0,-1
728,0,-1
729,0,-1
730,0,-1
731,0,-1
732,0,-1
733,0,-1
734,0,-1
735,0,-1
736,0,-1
737,0,-1
738,0,-1
739,0,-1
740,0,-1
741,0,-1
742,0,-1
743,0,-1
744,0,-1
745,0,-1
746,0,-1
747,0,-1
748,0,-1
749,0,-1
750,0,-1
751,0,-1
752,0,-1
753,0,-1
754,0,-1
755,0,-1
756,0,-1
757,0,-1
758,0,-1
759,0,-1
760,0,-1
761,0,-1
762,0,-1
763,0,-1
764,0,-1
765,0,-1
766,0,-1
767,0,-1
768,0,-1
769,0,-1
770,0,-1
771,0,-1
772,0,-1
773,0,-1
774,0,-1
775,0,-1
776,0,-1
777,0,-1
778,0,-1
779,0,-1
780,0,-1
781,0,-1
782,0,-1
783,0,-1
784,0,-1
785,0,-1
786,0,-1
787,0,-1
788,0,-1
789,0,-1
790,0,-1
791,0,-1
792,0,-1
793,0,-1
794,0,-1
795,0,-1
796,0,-1
797,0,-1
798,0,-1
799,0,-1
800,0,-1
801,0,-1
802,0,-1
803,0,-1
804,0,-1
805,0,-1
806,0,-1
807,0,-1
808,0,-1
809,0,-1
810,0,-1
811,0,-1
812,0,-1
813,0,-1
814,0,-1
815,0,-1
816,0,-1
817,0,-1
818,0,-1
819,0,-1
820,0,-1
821,0,-1
822,0,-1
823,0,-1
824,0,-1
825,0,-1
826,0,-1
827,0,-1
828,0,-1
829,0,-1
830,0,-1
831,0,-1
832,0,-1
833,0,-1
834,0,-1
835,0,-1
836,0,-1
837,0,-1
838,0,-1
839,0,-1
840,0,-1
841,0,-1
842,0,-1
843,0,-1
844,0,-1
845,0,-1
846,0,-1
847,0,-1
848,0,-1
849,0,-1
850,0,-1
851,0,-1
852,0,-1
853,0,-1
854,0,-1
855,0,-1
856,0,-1
857,0,-1
858,0,-1
859,0,-1
860,0,-1
861,0,-1
862,0,-1
863,0,-1
864,0,-1
865,0,-1
866,0,-1
867,0,-1
868,0,-1
869,0,-1
870,0,-1
871,0,-1
872,0,-1
873,0,-1
874,0,-1
875,0,-1
876,0,-1
877,0,-1
878,0,-1
879,0,-1
880,0,-1
881,0,-1
882,0,-1
883,0,-1
884,0,-1
885,0,-1
886,0,-1
887,0,-1
888,0,-1
889,0,-1
890,0,-1
891,0,-1
892,0,-1
893,0,-1
894,0,-1
895,0,-1
896,0,-1
897,0,-1
898,0,-1
899,0,-1
900,0,-1
901,0,-1
902,0,-1
903,0,-1
904,0,-1
905,0,-1
906,0,-1
907,0,-1
908,0,-1
909,0,-1
910,0,-1
911,0,-1
912,0,-1
913,0,-1
914,0,-1
915,0,-1
916,0,-1
917,0,-1
918,0,-1
919,0,-1
920,0,-1
921,0,-1
922,0,-1
923,0,-1
924,0,-1
925,0,-1
926,0,-1
927,0,-1
928,0,-1
929,0,-1
930,0,-1
931,0,-1
932,0,-1
933,0,-1
934,0,-1
935,0,-1
936,0,-1
937,0,-1
938,0,-1
939,0,-1
940,0,-1
941,0,-1
942,0,-1
943,0,-1
944,0,-1
945,0,-1
946,0,-1
947,0,-1
948,0,-1
949,0,-1
950,0,-1
951,0,-1
952,0,-1
953,0,-1
954,0,-1
955,0,-1
956,0,-1
957,0,-1
958,0,-1
959,0,-1
960,0,-1
961,0,-1
962,0,-1
963,0,-1
964,0,-1
965,0,-1
966,0,-1
967,0,-1
968,0,-1
969,0,-1
970,0,-1
971,0,-1
972,0,-1
973,0,-1
974,0,-1
975,0,-1
976,0,-1
977,0,-1
978,0,-1
979,0,-1
980,0,-1
981,0,-1
982,0,-1
983,0,-1
984,0,-1
985,0,-1
986,0,-1
987,0,-1
988,0,-1
989,0,-1
990,0,-1
991,0,-1
992,0,-1
993,0,-1
994,0,-1
995,0,-1
996,0,-1
997,0,-1
998,0,-1
999,0,-1
1000,0,-1
1001,0,-1
1002,0,-1
1003,0,-1
1004,0,-1
1005,0,-1
1006,0,-1
1007,0,-1
1008,0,-1
1009,0,-1
1010,0,-1
1011,0,-1
1012,0,-1
1013,0,-1
1014,0,-1
1015,0,-1
1016,0,-1
1017,0,-1
1018,0,-1
1019,0,-1
1020,0,-1
1021,0,-1
1022,0,-1
1023,0,-1
1024,0,-1
1025,0,-1
1026,0,-1
1027,0,-1
1028,0,-1
1029,0,-1
1030,0,-1
1031,0,-1
1032,0,-1
1033,0,-1
1034,0,-1
1035,0,-1
1036,0,-1
1037,0,-1
1038,0,-1
1039,0,-1
1040,0,-1
1041,0,-1
1042,0,-1
1043,0,-1
1044,0,-1
1045,0,-1
1046,0,-1
1047,0,-1
1048,0,-1
1049,0,-1
1050,0,-1
1051,0,-1
1052,0,-1
1053,0,-1
1054,0,-1
1055,0,-1
1056,0,-1
1057,0,-1
1058,0,-1
1059,0,-1
1060,0,-1
1061,0,-1
1062,0,-1
1063,0,-1
1064,0,-1
1065,0,-1
1066,0,-1
1067,0,-1
1068,0,-1
1069,0,-1
1070,0,-1
1071,0,-1
1072,0,-1
1073,0,-1
1074,0,-1
1075,0,-1
1076,0,-1
1077,0,-1
1078,0,-1
1079,0,-1
1080,0,-1
1081,0,-1
1082,0,-1
1083,0,-1
1084,0,-1
1085,0,-1
1086,0,-1
1087,0,-1
1088,0,-1
1089,0,-1
1090,0,-1
1091,0,-1
1092,0,-1
1093,0,-1
1094,0,-1
1095,0,-1
1096,0,-1
1097,0,-1
1098,0,-1
1099,0,-1
1100,0,-1
1101,0,-1
1102,0,-1
1103,0,-1
1104,0,-1
1105,0,-1
1106,0,-1
1107,0,-1
1108,0,-1
1109,0,-1
1110,0,-1
1111,0,-1
1112,0,-1
1113,0,-1
1114,0,-1
1115,0,-1
1116,0,-1
1117,0,-1
1118,0,-1
1119,0,-1
1120,0,-1
1121,0,-1
1122,0,-1
1123,0,-1
1124,0,-1
1125,0,-1
1126,0,-1
1127,0,-1
1128,0,-1
1129,0,-1
1130,0,-1
1131,0,-1
1132,0,-1
1133,0,-1
1134,0,-1
1135,0,-1
1136,0,-1
1137,0,-1
1138,0,-1
1139,0,-1
1140,0,-1
1141,0,-1
1142,0,-1
1143,0,-1
1144,0,-1
1145,0,-1
1146,0,-1
1147,0,-1
1148,0,-1
1149,0,-1
1150,0,-1
1151,0,-1
1152,0,-1
1153,0,-1
1154,0,-1
1155,0,-1
1156,0,-1
1157,0,-1
1158,0,-1
1159,0,-1
1160,0,-1
1161,0,-1
1162,0,-1
1163,0,-1
1164,0,-1
1165,0,-1
1166,0,-1
1167,0,-1
1168,0,-1
1169,0,-1
1170,0,-1
1171,0,-1
1172,0,-1
1173,0,-1
1174,0,-1
1175,0,-1
1176,0,-1
1177,0,-1
1178,0,-1
1179,0,-1
1180,0,-1
1181,0,-1
1182,0,-1
1183,0,-1
1184,0,-1
1185,0,-1
1186,0,-1
1187,0,-1
1188,0,-1
1189,0,-1
1190,0,-1
1191,0,-1
1192,0,-1
1193,0,-1
1194,0,-1
1195,0,-1
1196,0,-1
1197,0,-1
1198,0,-1
1199,0,-1
1200,0,-1
1201,0,-1
1202,0,-1
1203,0,-1
1204,0,-1
1205,0,-1
1206,0,-1
1207,0,-1
1208,0,-1
1209,0,-1
1210,0,-1
1211,0,-1
1212,0,-1
1213,0,-1
1214,0,-1
1215,0,-1
1216,0,-1
1217,0,-1
1218,0,-1
1219,0,-1
1220,0,-1
1221,0,-1
1222,0,-1
1223,0,-1
1224,0,-1
1225,0,-1
1226,0,-1
1227,0,-1
1228,0,-1
1229,0,-1
1230,0,-1
1231,0,-1
1232,0,-1
1233,0,-1
1234,0,-1
1235,0,-1
1236,0,-1
1237,0,-1
1238,0,-1
1239,0,-1
1240,0,-1
1241,0,-1
1242,0,-1
1243,0,-1
1244,0,-1
1245,0,-1
1246,0,-1
1247,0,-1
1248,0,-1
1249,0,-1
1250,0,-1
1251,0,-1
1252,0,-1
1253,0,-1
1254,0,-1
1255,0,-1
1256,0,-1
1257,0,-1
1258,0,-1
1259,0,-1
1260,0,-1
1261,0,-1
1262,0,-1
1263,0,-1
1264,0,-1
1265,0,-1
1266,0,-1
1267,0,-1
1268,0,-1
1269,0,-1
1270,0,-1
1271,0,-1
1272,0,-1
1273,0,-1
1274,0,-1
1275,0,-1
1276,0,-1
1277,0,-1
1278,0,-1
1279,0,-1
1280,0,-1
1281,0,-1
1282,0,-1
1283,0,-1
1284,0,-1
1285,0,-1
1286,0,-1
1287,0,-1
1288,0,-1
1289,0,-1
1290,0,-1
1291,0,-1
1292,0,-1
1293,0,-1
1294,0,-1
1295,0,-1
1296,0,-1
1297,0,-1
1298,0,-1
1299,0,-1
1300,0,-1
1301,0,-1
1302,0,-1
1303,0,-1
1304,0,-1
1305,0,-1
1306,0,-1
1307,0,-1
1308,0,-1
1309,0,-1
1310,0,-1
1311,0,-1
1312,0,-1
1313,0,-1
1314,0,-1
1315,0,-1
1316,0,-1
1317,0,-1
1318,0,-1
1319,0,-1
1320,0,-1
1321,0,-1
1322,0,-1
1323,0,-1
1324,0,-1
1325,0,-1
1326,0,-1
1327,0,-1
1328,0,-1
1329,0,-1
1330,0,-1
1331,0,-1
1332,0,-1
1333,0,-1
1334,0,-1
1335,0,-1
1336,0,-1
1337,0,-1
1338,0,-1
1339,0,-1
1340,0,-1
1341,0,-1
1342,0,-1
1343,0,-1
1344,0,-1
1345,0,-1
1346,0,-1
1347,0,-1
1348,0,-1
1349,0,-1
1350,0,-1
1351,0,-1
1352,0,-1
1353,0,-1
1354,0,-1
1355,0,-1
1356,0,-1
1357,0,-1
1358,0,-1
1359,0,-1
1360,0,-1
1361,0,-1
1362,0,-1
1363,0,-1
1364,0,-1
1365,0,-1
1366,0,-1
1367,0,-1
1368,0,-1
1369,0,-1
1370,0,-1
1371,0,-1
1372,0,-1
1373,0,-1
1374,0,-1
1375,0,-1
1376,0,-1
1377,0,-1
1378,0,-1
1379,0,-1
1380,0,-1
1381,0,-1
1382,0,-1
1383,0,-1
1384,0,-1
1385,0,-1
1386,0,-1
1387,0,-1
1388,0,-1
1389,0,-1
1390,0,-1
1391,0,-1
1392,0,-1
1393,0,-1
1394,0,-1
1395,0,-1
1396,0,-1
1397,0,-1
1398,0,-1
1399,0,-1
1400,0,-1
1401,0,-1
1402,0,-1
1403,0,-1
1404,0,-1
1405,0,-1
1406,0,-1
1407,0,-1
1408,0,-1
1409,0,-1
1410,0,-1
1411,0,-1
1412,0,-1
1413,0,-1
1414,0,-1
1415,0,-1
1416,0,-1
1417,0,-1
1418,0,-1
1419,0,-1
1420,0,-1
1421,0,-1
1422,0,-1
1423,0,-1
1424,0,-1
1425,0,-1
1426,0,-1
1427,0,-1
1428,0,-1
1429,0,-1
1430,0,-1
1431,0,-1
1432,0,-1
1433,0,-1
1434,0,-1
1435,0,-1
1436,0,-1
1437,0,-1
1438,0,-1
1439,0,-1
1440,0,-1
1441,0,-1
1442,0,-1
1443,0,-1
1444,0,-1
1445,0,-1
1446,0,-1
1447,0,-1
1448,0,-1
1449,0,-1
1450,0,-1
1451,0,-1
1452,0,-1
1453,0,-1
1454,0,-1
1455,0,-1
1456,0,-1
1457,0,-1
1458,0,-1
1459,0,-1
1460,0,-1
1461,0,-1
1462,0,-1
1463,0,-1
1464,0,-1
1465,0,-1
1466,0,-1
1467,0,-1
1468,0,-1
1469,0,-1
1470,0,-1
1471,0,-1
1472,0,-1
1473,0,-1
1474,0,-1
1475,0,-1
1476,0,-1
1477,0,-1
1478,0,-1
1479,0,-1
1480,0,-1
1481,0,-1
1482,0,-1
1483,0,-1
1484,0,-1
1485,0,-1
1486,0,-1
1487,0,-1
1488,0,-1
1489,0,-1
1490,0,-1
1491,0,-1
1492,0,-1
1493,0,-1
1494,0,-1
1495,0,-1
1496,0,-1
1497,0,-1
1498,0,-1
1499,0,-1
1500,0,-1
1501,0,-1
1502,0,-1
1503,0,-1
1504,0,-1
1505,0,-1
1506,0,-1
1507,0,-1
1508,0,-1
1509,0,-1
1510,0,-1
1511,0,-1
1512,0,-1
1513,0,-1
1514,0,-1
1515,0,-1
1516,0,-1
1517,0,-1
1518,0,-1
1519,0,-1
1520,0,-1
1521,0,-1
1522,0,-1
1523,0,-1
1524,0,-1
1525,0,-1
1526,0,-1
1527,0,-1
1528,0,-1
1529,0,-1
1530,0,-1
1531,0,-1
1532,0,-1
1533,0,-1
1534,0,-1
1535,0,-1
1536,0,-1
1537,0,-1
1538,0,-1
1539,0,-1
1540,0,-1
1541,0,-1
1542,0,-1
1543,0,-1
1544,0,-1
1545,0,-1
1546,0,-1
1547,0,-1
1548,0,-1
1549,0,-1
1550,0,-1
1551,0,-1
1552,0,-1
1553,0,-1
1554,0,-1
1555,0,-1
1556,0,-1
1557,0,-1
1558,0,-1
1559,0,-1
1560,0,-1
1561,0,-1
1562,0,-1
1563,0,-1
1564,0,-1
1565,0,-1
1566,0,-1
1567,0,-1
1568,0,-1
1569,0,-1
1570,0,-1
1571,0,-1
1572,0,-1
1573,0,-1
1574,0,-1
1575,0,-1
1576,0,-1
1577,0,-1
1578,0,-1
1579,0,-1
1580,0,-1
1581,0,-1
1582,0,-1
1583,0,-1
1584,0,-1
1585,0,-1
1586,0,-1
1587,0,-1
1588,0,-1
1589,0,-1
1590,0,-1
1591,0,-1
1592,0,-1
1593,0,-1
1594,0,-1
1595,0,-1
1596,0,-1
1597,0,-1
1598,0,-1
1599,0,-1
1600,0,-1
1601,0,-1
1602,0,-1
1603,0,-1
1604,0,-1
1605,0,-1
1606,0,-1
1607,0,-1
1608,0,-1
1609,0,-1
1610,0,-1
1611,0,-1
1612,0,-1
1613,0,-1
1614,0,-1
1615,0,-1
1616,0,-1
1617,0,-1
1618,0,-1
1619,0,-1
1620,0,-1
1621,0,-1
1622,0,-1
1623,0,-1
1624,0,-1
1625,0,-1
1626,0,-1
1627,0,-1
1628,0,-1
1629,0,-1
1630,0,-1
1631,0,-1
1632,0,-1
1633,0,-1
1634,0,-1
1635,0,-1
1636,0,-1
1637,0,-1
1638,0,-1
1639,0,-1
1640,0,-1
1641,0,-1
1642,0,-1
1643,0,-1
1644,0,-1
1645,0,-1
1646,0,-1
1647,0,-1
1648,0,-1
1649,0,-1
1650,0,-1
1651,0,-1
1652,0,-1
1653,0,-1
1654,0,-1
1655,0,-1
1656,0,-1
1657,0,-1
1658,0,-1
1659,0,-1
1660,0,-1
1661,0,-1
1662,0,-1
1663,0,-1
1664,0,-1
1665,0,-1
1666,0,-1
1667,0,-1
1668,0,-1
1669,0,-1
1670,0,-1
1671,0,-1
1672,0,-1
1673,0,-1
1674,0,-1
1675,0,-1
1676,0,-1
1677,0,-1
1678,0,-1
1679,0,-1
1680,0,-1
1681,0,-1
1682,0,-1
1683,0,-1
1684,0,-1
1685,0,-1
1686,0,-1
1687,0,-1
1688,0,-1
1689,0,-1
1690,0,-1
1691,0,-1
1692,0,-1
1693,0,-1
1694,0,-1
1695,0,-1
1696,0,-1
1697,0,-1
1698,0,-1
1699,0,-1
1700,0,-1
1701,0,-1
1702,0,-1
1703,0,-1
1704,0,-1
1705,0,-1
1706,0,-1
1707,0,-1
1708,0,-1
1709,0,-1
1710,0,-1
1711,0,-1
1712,0,-1
1713,0,-1
1714,0,-1
1715,0,-1
1716,0,-1
1717,0,-1
1718,0,-1
1719,0,-1
1720,0,-1
1721,0,-1
1722,0,-1
1723,0,-1
1724,0,-1
1725,0,-1
1726,0,-1
1727,0,-1
1728,0,-1
1729,0,-1
1730,0,-1
1731,0,-1
1732,0,-1
1733,0,-1
1734,0,-1
1735,0,-1
1736,0,-1
1737,0,-1
1738,0,-1
1739,0,-1
1740,0,-1
1741,0,-1
1742,0,-1
1743,0,-1
1744,0,-1
1745,0,-1
1746,0,-1
1747,0,-1
1748,0,-1
1749,0,-1
1750,0,-1
1751,0,-1
1752,0,-1
1753,0,-1
1754,0,-1
1755,0,-1
1756,0,-1
1757,0,-1
1758,0,-1
1759,0,-1
1760,0,-1
1761,0,-1
1762,0,-1
1763,0,-1
1764,0,-1
1765,0,-1
1766,0,-1
1767,0,-1
1768,0,-1
1769,0,-1
1770,0,-1
1771,0,-1
1772,0,-1
1773,0,-1
1774,0,-1
1775,0,-1
1776,0,-1
1777,0,-1
1778,0,-1
1779,0,-1
1780,0,-1
1781,0,-1
1782,0,-1
1783,0,-1
1784,0,-1
1785,0,-1
1786,0,-1
1787,0,-1
1788,0,-1
1789,0,-1
1790,0,-1
1791,0,-1
1792,0,-1
1793,0,-1
1794,0,-1
1795,0,-1
1796,0,-1
1797,0,-1
1798,0,-1
1799,0,-1
1800,0,-1
1801,0,-1
1802,0,-1
1803,0,-1
1804,0,-1
1805,0,-1
1806,0,-1
1807,0,-1
1808,0,-1
1809,0,-1
1810,0,-1
1811,0,-1
1812,0,-1
1813,0,-1
1814,0,-1
1815,0,-1
1816,0,-1
1817,0,-1
1818,0,-1
1819,0,-1
1820,0,-1
1821,0,-1
1822,0,-1
1823,0,-1
1824,0,-1
1825,0,-1
1826,0,-1
1827,0,-1
1828,0,-1
1829,0,-1
1830,0,-1
1831,0,-1
1832,0,-1
1833,0,-1
1834,0,-1
1835,0,-1
1836,0,-1
1837,0,-1
1838,0,-1
1839,0,-1
1840,0,-1
1841,0,-1
1842,0,-1
1843,0,-1
1844,0,-1
1845,0,-1
1846,0,-1
1847,0,-1
1848,0,-1
1849,0,-1
1850,0,-1
1851,0,-1
1852,0,-1
1853,0,-1
1854,0,-1
1855,0,-1
1856,0,-1
1857,0,-1
1858,0,-1
1859,0,-1
1860,0,-1
1861,0,-1
1862,0,-1
1863,0,-1
1864,0,-1
1865,0,-1
1866,0,-1
1867,0,-1
1868,0,-1
1869,0,-1
1870,0,-1
1871,0,-1
1872,0,-1
1873,0,-1
1874,0,-1
1875,0,-1
1876,0,-1
1877,0,-1
1878,0,-1
1879,0,-1
1880,0,-1
1881,0,-1
1882,0,-1
1883,0,-1
1884,0,-1
1885,0,-1
1886,0,-1
1887,0,-1
1888,0,-1
1889,0,-1
1890,0,-1
1891,0,-1
1892,0,-1
1893,0,-1
1894,0,-1
1895,0,-1
1896,0,-1
1897,0,-1
1898,0,-1
1899,0,-1
1900,0,-1
1901,0,-1
1902,0,-1
1903,0,-1
1904,0,-1
1905,0,-1
1906,0,-1
1907,0,-1
1908,0,-1
1909,0,-1
1910,0,-1
1911,0,-1
1912,0,-1
1913,0,-1
1914,0,-1
1915,0,-1
1916,0,-1
1917,0,-1
1918,0,-1
1919,0,-1
1920,0,-1
1921,0,-1
1922,0,-1
1923,0,-1
1924,0,-1
1925,0,-1
1926,0,-1
1927,0,-1
1928,0,-1
1929,0,-1
1930,0,-1
1931,0,-1
1932,0,-1
1933,0,-1
1934,0,-1
1935,0,-1
1936,0,-1
1937,0,-1
1938,0,-1
1939,0,-1
1940,0,-1
1941,0,-1
1942,0,-1
1943,0,-1
1944,0,-1
1945,0,-1
1946,0,-1
1947,0,-1
1948,0,-1
1949,0,-1
1950,0,-1
1951,0,-1
1952,0,-1
1953,0,-1
1954,0,-1
1955,0,-1
1956,0,-1
1957,0,-1
1958,0,-1
1959,0,-1
1960,0,-1
1961,0,-1
1962,0,-1
1963,0,-1
1964,0,-1
1965,0,-1
1966,0,-1
1967,0,-1
1968,0,-1
1969,0,-1
1970,0,-1
1971,0,-1
1972,0,-1
1973,0,-1
1974,0,-1
1975,0,-1
1976,0,-1
1977,0,-1
1978,0,-1
1979,0,-1
1980,0,-1
1981,0,-1
1982,0,-1
1983,0,-1
1984,0,-1
1985,0,-1
1986,0,-1
1987,0,-1
1988,0,-1
1989,0,-1
1990,0,-1
1991,0,-1
1992,0,-1
1993,0,-1
1994,0,-1
1995,0,-1
1996,0,-1
1997,0,-1
1998,0,-1
1999,0,-1
2000,0,-1
2001,0,-1
2002,0,-1
2003,0,-1
2004,0,-1
2005,0,-1
2006,0,-1
2007,0,-1
2008,0,-1
2009,0,-1
2010,0,-1
2011,0,-1
2012,0,-1
2013,0,-1
2014,0,-1
2015,0,-1
2016,0,-1
2017,0,-1
2018,0,-1
2019,0,-1
2020,0,-1
2021,0,-1
2022,0,-1
2023,0,-1
2024,0,-1
2025,0,-1
2026,0,-1
2027,0,-1
2028,0,-1
2029,0,-1
2030,0,-1
2031,0,-1
2032,0,-1
2033,0,-1
2034,0,-1
2035,0,-1
2036,0,-1
2037,0,-1
2038,0,-1
2039,0,-1
2040,0,-1
2041,0,-1
2042,0,-1
2043,0,-1
2044,0,-1
2045,0,-1
2046,0,-1
2047,0,-1
2048,0,-1
2049,0,-1
2050,0,-1
2051,0,-1
2052,0,-1
2053,0,-1
2054,0,-1
2055,0,-1
2056,0,-1
2057,0,-1
2058,0,-1
2059,0,-1
2060,0,-1
2061,0,-1
2062,0,-1
2063,0,-1
2064,0,-1
2065,0,-1
2066,0,-1
2067,0,-1
2068,0,-1
2069,0,-1
2070,0,-1
2071,0,-1
2072,0,-1
2073,0,-1
2074,0,-1
2075,0,-1
2076,0,-1
2077,0,-1
2078,0,-1
2079,0,-1
2080,0,-1
2081,0,-1
2082,0,-1
2083,0,-1
2084,0,-1
2085,0,-1
2086,0,-1
2087,0,-1
2088,0,-1
2089,0,-1
2090,0,-1
2091,0,-1
2092,0,-1
2093,0,-1
2094,0,-1
2095,0,-1
2096,0,-1
2097,0,-1
2098,0,-1
2099,0,-1
2100,0,-1
2101,0,-1
2102,0,-1
2103,0,-1
2104,0,-1
2105,0,-1
2106,0,-1
2107,0,-1
2108,0,-1
2109,0,-1
2110,0,-1
2111,0,-1
2112,0,-1
2113,0,-1
2114,0,-1
2115,0,-1
2116,0,-1
2117,0,-1
2118,0,-1
2119,0,-1
2120,0,-1
2121,0,-1
2122,0,-1
2123,0,-1
2124,0,-1
2125,0,-1
2126,0,-1
2127,0,-1
2128,0,-1
2129,0,-1
2130,0,-1
2131,0,-1
2132,0,-1
2133,0,-1
2134,0,-1
2135,0,-1
2136,0,-1
2137,0,-1
2138,0,-1
2139,0,-1
2140,0,-1
2141,0,-1
2142,0,-1
2143,0,-1
2144,0,-1
2145,0,-1
2146,0,-1
2147,0,-1
2148,0,-1
2149,0,-1
2150,0,-1
2151,0,-1
2152,0,-1
2153,0,-1
2154,0,-1
2155,0,-1
2156,0,-1
2157,0,-1
2158,0,-1
2159,0,-1
2160,0,-1
2161,0,-1
2162,0,-1
2163,0,-1
2164,0,-1
2165,0,-1
2166,0,-1
2167,0,-1
2168,0,-1
2169,0,-1
2170,0,-1
2171,0,-1
2172,0,-1
2173,0,-1
2174,0,-1
2175,0,-1
2176,0,-1
2177,0,-1
2178,0,-1
2179,0,-1
2180,0,-1
2181,0,-1
2182,0,-1
2183,0,-1
2184,0,-1
2185,0,-1
2186,0,-1
2187,0,-1
2188,0,-1
2189,0,-1
2190,0,-1
2191,0,-1
2192,0,-1
2193,0,-1
2194,0,-1
2195,0,-1
2196,0,-1
2197,0,-1
2198,0,-1
2199,0,-1
2200,0,-1
2201,0,-1
2202,0,-1
2203,0,-1
2204,0,-1
2205,0,-1
2206,0,-1
2207,0,-1
2208,0,-1
2209,0,-1
2210,0,-1
2211,0,-1
2212,0,-1
2213,0,-1
2214,0,-1
2215,0,-1
2216,0,-1
2217,0,-1
2218,0,-1
2219,0,-1
2220,0,-1
2221,0,-1
2222,0,-1
2223,0,-1
2224,0,-1
2225,0,-1
2226,0,-1
2227,0,-1
2228,0,-1
2229,0,-1
2230,0,-1
2231,0,-1
2232,0,-1
2233,0,-1
2234,0,-1
2235,0,-1
2236,0,-1
2237,0,-1
2238,0,-1
2239,0,-1
2240,0,-1
2241,0,-1
2242,0,-1
2243,0,-1
2244,0,-1
2245,0,-1
2246,0,-1
2247,0,-1
2248,0,-1
2249,0,-1
2250,0,-1
2251,0,-1
2252,0,-1
2253,0,-1
2254,0,-1
2255,0,-1
2256,0,-1
2257,0,-1
2258,0,-1
2259,0,-1
2260,0,-1
2261,0,-1
2262,0,-1
2263,0,-1
2264,0,-1
2265,0,-1
2266,0,-1
2267,0,-1
2268,0,-1
2269,0,-1
2270,0,-1
2271,0,-1
2272,0,-1
2273,0,-1
2274,0,-1
2275,0,-1
2276,0,-1
2277,0,-1
2278,0,-1
2279,0,-1
2280,0,-1
2281,0,-1
2282,0,-1
2283,0,-1
2284,0,-1
2285,0,-1
2286,0,-1
2287,0,-1
2288,0,-1
2289,0,-1
2290,0,-1
2291,0,-1
2292,0,-1
2293,0,-1
2294,0,-1
2295,0,-1
2296,0,-1
2297,0,-1
2298,0,-1
2299,0,-1
2300,0,-1
2301,0,-1
2302,0,-1
2303,0,-1
2304,0,-1
2305,0,-1
2306,0,-1
2307,0,-1
2308,0,-1
2309,0,-1
2310,0,-1
2311,0,-1
2312,0,-1
2313,0,-1
2314,0,-1
2315,0,-1
2316,0,-1
2317,0,-1
2318,0,-1
2319,0,-1
2320,0,-1
2321,0,-1
2322,0,-1
2323,0,-1
2324,0,-1
2325,0,-1
2326,0,-1
2327,0,-1
2328,0,-1
2329,0,-1
2330,0,-1
2331,0,-1
2332,0,-1
2333,0,-1
2334,0,-1
2335,0,-1
2336,0,-1
2337,0,-1
2338,0,-1
2339,0,-1
2340,0,-1
2341,0,-1
2342,0,-1
2343,0,-1
2344,0,-1
2345,0,-1
2346,0,-1
2347,0,-1
2348,0,-1
2349,0,-1
2350,0,-1
2351,0,-1
2352,0,-1
2353,0,-1
2354,0,-1
2355,0,-1
2356,0,-1
2357,0,-1
2358,0,-1
2359,0,-1
2360,0,-1
2361,0,-1
2362,0,-1
2363,0,-1
2364,0,-1
2365,0,-1
2366,0,-1
2367,0,-1
2368,0,-1
2369,0,-1
2370,0,-1
2371,0,-1
2372,0,-1
2373,0,-1
2374,0,-1
2375,0,-1
2376,0,-1
2377,0,-1
2378,0,-1
2379,0,-1
2380,0,-1
2381,0,-1
2382,0,-1
2383,0,-1
2384,0,-1
2385,0,-1
2386,0,-1
2387,0,-1
2388,0,-1
2389,0,-1
2390,0,-1
2391,0,-1
2392,0,-1
2393,0,-1
2394,0,-1
2395,0,-1
2396,0,-1
2397,0,-1
2398,0,-1
2399,0,-1
2400,0,-1
2401,0,-1
2402,0,-1
2403,0,-1
2404,0,-1
2405,0,-1
2406,0,-1
2407,0,-1
2408,0,-1
2409,0,-1
2410,0,-1
2411,0,-1
2412,0,-1
2413,0,-1
2414,0,-1
2415,0,-1
2416,0,-1
2417,0,-1
2418,0,-1
2419,0,-1
2420,0,-1
2421,0,-1
2422,0,-1
2423,0,-1
2424,0,-1
2425,0,-1
2426,0,-1
2427,0,-1
2428,0,-1
2429,0,-1
2430,0,-1
2431,0,-1
2432,0,-1
2433,0,-1
2434,0,-1
2435,0,-1
2436,0,-1
2437,0,-1
2438,0,-1
2439,0,-1
2440,0,-1
2441,0,-1
2442,0,-1
2443,0,-1
2444,0,-1
2445,0,-1
2446,0,-1
2447,0,-1
2448,0,-1
2449,0,-1
2450,0,-1
2451,0,-1
2452,0,-1
2453,0,-1
2454,0,-1
2455,0,-1
2456,0,-1
2457,0,-1
2458,0,-1
2459,0,-1
2460,0,-1
2461,0,-1
2462,0,-1
2463,0,-1
2464,0,-1
2465,0,-1
2466,0,-1
2467,0,-1
2468,0,-1
2469,0,-1
2470,0,-1
2471,0,-1
2472,0,-1
2473,0,-1
2474,0,-1
2475,0,-1
2476,0,-1
2477,0,-1
2478,0,-1
2479,0,-1
2480,0,-1
2481,0,-1
2482,0,-1
2483,0,-1
2484,0,-1
2485,0,-1
2486,0,-1
2487,0,-1
2488,0,-1
2489,0,-1
2490,0,-1
2491,0,-1
2492,0,-1
2493,0,-1
2494,0,-1
2495,0,-1
2496,0,-1
2497,0,-1
2498,0,-1
2499,0,-1
2500,0,-1
2501,0,-1
2502,0,-1
2503,0,-1
2504,0,-1
2505,0,-1
2506,0,-1
2507,0,-1
2508,0,-1
2509,0,-1
2510,0,-1
2511,0,-1
2512,0,-1
2513,0,-1
2514,0,-1
2515,0,-1
2516,0,-1
2517,0,-1
2518,0,-1
2519,0,-1
2520,0,-1
2521,0,-1
2522,0,-1
2523,0,-1
2524,0,-1
2525,0,-1
2526,0,-1
2527,0,-1
2528,0,-1
2529,0,-1
2530,0,-1
2531,0,-1
2532,0,-1
2533,0,-1
2534,0,-1
2535,0,-1
2536,0,-1
2537,0,-1
2538,0,-1
2539,0,-1
2540,0,-1
2541,0,-1
2542,0,-1
2543,0,-1
2544,0,-1
2545,0,-1
2546,0,-1
2547,0,-1
2548,0,-1
2549,0,-1
2550,0,-1
2551,0,-1
2552,0,-1
2553,0,-1
2554,0,-1
2555,0,-1
2556,0,-1
2557,0,-1
2558,0,-1
2559,0,-1
2560,0,-1
2561,0,-1
2562,0,-1
2563,0,-1
2564,0,-1
2565,0,-1
2566,0,-1
2567,0,-1
2568,0,-1
2569,0,-1
2570,0,-1
2571,0,-1
2572,0,-1
2573,0,-1
2574,0,-1
2575,0,-1
2576,0,-1
2577,0,-1
2578,0,-1
2579,0,-1
2580,0,-1
2581,0,-1
2582,0,-1
2583,0,-1
2584,0,-1
2585,0,-1
2586,0,-1
2587,0,-1
2588,0,-1
2589,0,-1
2590,0,-1
2591,0,-1
2592,0,-1
2593,0,-1
2594,0,-1
2595,0,-1
2596,0,-1
2597,0,-1
2598,0,-1
2599,0,-1
2600,0,-1
2601,0,-1
2602,0,-1
2603,0,-1
2604,0,-1
2605,0,-1
2606,0,-1
2607,0,-1
2608,0,-1
2609,0,-1
2610,0,-1
2611,0,-1
2612,0,-1
2613,0,-1
2614,0,-1
2615,0,-1
2616,0,-1
2617,0,-1
2618,0,-1
2619,0,-1
2620,0,-1
2621,0,-1
2622,0,-1
2623,0,-1
2624,0,-1
2625,0,-1
2626,0,-1
2627,0,-1
2628,0,-1
2629,0,-1
2630,0,-1
2631,0,-1
2632,0,-1
2633,0,-1
2634,0,-1
2635,0,-1
2636,0,-1
2637,0,-1
2638,0,-1
2639,0,-1
2640,0,-1
2641,0,-1
2642,0,-1
2643,0,-1
2644,0,-1
2645,0,-1
2646,0,-1
2647,0,-1
2648,0,-1
2649,0,-1
2650,0,-1
2651,0,-1
2652,0,-1
2653,0,-1
2654,0,-1
2655,0,-1
2656,0,-1
2657,0,-1
2658,0,-1
2659,0,-1
2660,0,-1
2661,0,-1
2662,0,-1
2663,0,-1
2664,0,-1
2665,0,-1
2666,0,-1
2667,0,-1
2668,0,-1
2669,0,-1
2670,0,-1
2671,0,-1
2672,0,-1
2673,0,-1
2674,0,-1
2675,0,-1
2676,0,-1
2677,0,-1
2678,0,-1
2679,0,-1
2680,0,-1
2681,0,-1
2682,0,-1
2683,0,-1
2684,0,-1
2685,0,-1
2686,0,-1
2687,0,-1
2688,0,-1
2689,0,-1
2690,0,-1
2691,0,-1
2692,0,-1
2693,0,-1
2694,0,-1
2695,0,-1
2696,0,-1
2697,0,-1
2698,0,-1
2699,0,-1
2700,0,-1
2701,0,-1
2702,0,-1
2703,0,-1
2704,0,-1
2705,0,-1
2706,0,-1
2707,0,-1
2708,0,-1
2709,0,-1
2710,0,-1
2711,0,-1
2712,0,-1
2713,0,-1
2714,0,-1
2715,0,-1
2716,0,-1
2717,0,-1
2718,0,-1
2719,0,-1
2720,0,-1
2721,0,-1
2722,0,-1
2723,0,-1
2724,0,-1
2725,0,-1
2726,0,-1
2727,0,-1
2728,0,-1
2729,0,-1
2730,0,-1
2731,0,-1
2732,0,-1
2733,0,-1
2734,0,-1
2735,0,-1
2736,0,-1
2737,0,-1
2738,0,-1
2739,0,-1
2740,0,-1
2741,0,-1
2742,0,-1
2743,0,-1
2744,0,-1
2745,0,-1
2746,0,-1
2747,0,-1
2748,0,-1
2749,0,-1
2750,0,-1
2751,0,-1
2752,0,-1
2753,0,-1
2754,0,-1
2755,0,-1
2756,0,-1
2757,0,-1
2758,0,-1
2759,0,-1
2760,0,-1
2761,0,-1
2762,0,-1
2763,0,-1
2764,0,-1
2765,0,-1
2766,0,-1
2767,0,-1
2768,0,-1
2769,0,-1
2770,0,-1
2771,0,-1
2772,0,-1
2773,0,-1
2774,0,-1
2775,0,-1
2776,0,-1
2777,0,-1
2778,0,-1
2779,0,-1
2780,0,-1
2781,0,-1
2782,0,-1
2783,0,-1
2784,0,-1
2785,0,-1
2786,0,-1
2787,0,-1
2788,0,-1
2789,0,-1
2790,0,-1
2791,0,-1
2792,0,-1
2793,0,-1
2794,0,-1
2795,0,-1
2796,0,-1
2797,0,-1
2798,0,-1
2799,0,-1
2800,0,-1
2801,0,-1
2802,0,-1
2803,0,-1
2804,0,-1
2805,0,-1
2806,0,-1
2807,0,-1
2808,0,-1
2809,0,-1
2810,0,-1
2811,0,-1
2812,0,-1
2813,0,-1
2814,0,-1
2815,0,-1
2816,0,-1
2817,0,-1
2818,0,-1
2819,0,-1
2820,0,-1
2821,0,-1
2822,0,-1
2823,0,-1
2824,0,-1
2825,0,-1
2826,0,-1
2827,0,-1
2828,0,-1
2829,0,-1
2830,0,-1
2831,0,-1
2832,0,-1
2833,0,-1
2834,0,-1
2835,0,-1
2836,0,-1
2837,0,-1
2838,0,-1
2839,0,-1
2840,0,-1
2841,0,-1
2842,0,-1
2843,0,-1
2844,0,-1
2845,0,-1
2846,0,-1
2847,0,-1
2848,0,-1
2849,0,-1
2850,0,-1
2851,0,-1
2852,0,-1
2853,0,-1
2854,0,-1
2855,0,-1
2856,0,-1
2857,0,-1
2858,0,-1
2859,0,-1
2860,0,-1
2861,0,-1
2862,0,-1
2863,0,-1
2864,0,-1
2865,0,-1
2866,0,-1
2867,0,-1
2868,0,-1
2869,0,-1
2870,0,-1
2871,0,-1
2872,0,-1
2873,0,-1
2874,0,-1
2875,0,-1
2876,0,-1
2877,0,-1
2878,0,-1
2879,0,-1
2880,0,-1
2881,0,-1
2882,0,-1
2883,0,-1
2884,0,-1
2885,0,-1
2886,0,-1
2887,0,-1
2888,0,-1
2889,0,-1
2890,0,-1
2891,0,-1
2892,0,-1
2893,0,-1
2894,0,-1
2895,0,-1
2896,0,-1
2897,0,-1
2898,0,-1
2899,0,-1
2900,0,-1
2901,0,-1
2902,0,-1
2903,0,-1
2904,0,-1
2905,0,-1
2906,0,-1
2907,0,-1
2908,0,-1
2909,0,-1
2910,0,-1
2911,0,-1
2912,0,-1
2913,0,-1
2914,0,-1
2915,0,-1
2916,0,-1
2917,0,-1
2918,0,-1
2919,0,-1
2920,0,-1
2921,0,-1
2922,0,-1
2923,0,-1
2924,0,-1
2925,0,-1
2926,0,-1
2927,0,-1
2928,0,-1
2929,0,-1
2930,0,-1
2931,0,-1
2932,0,-1
2933,0,-1
2934,0,-1
2935,0,-1
2936,0,-1
2937,0,-1
2938,0,-1
2939,0,-1
2940,0,-1
2941,0,-1
2942,0,-1
2943,0,-1
2944,0,-1
2945,0,-1
2946,0,-1
2947,0,-1
2948,0,-1
2949,0,-1
2950,0,-1
2951,0,-1
2952,0,-1
2953,0,-1
2954,0,-1
2955,0,-1
2956,0,-1
2957,0,-1
2958,0,-1
2959,0,-1
2960,0,-1
2961,0,-1
2962,0,-1
2963,0,-1
2964,0,-1
2965,0,-1
2966,0,-1
2967,0,-1
2968,0,-1
2969,0,-1
2970,0,-1
2971,0,-1
2972,0,-1
2973,0,-1
2974,0,-1
2975,0,-1
2976,0,-1
2977,0,-1
2978,0,-1
2979,0,-1
2980,0,-1
2981,0,-1
2982,0,-1
2983,0,-1
2984,0,-1
2985,0,-1
2986,0,-1
2987,0,-1
2988,0,-1
2989,0,-1
2990,0,-1
2991,0,-1
2992,0,-1
2993,0,-1
2994,0,-1
2995,0,-1
2996,0,-1
2997,0,-1
2998,0,-1
2999,0,-1
3000,0,-1
3001,0,-1
3002,0,-1
3003,0,-1
3004,0,-1
3005,0,-1
3006,0,-1
3007,0,-1
3008,0,-1
3009,0,-1
3010,0,-1
3011,0,-1
3012,0,-1
3013,0,-1
3014,0,-1
3015,0,-1
3016,0,-1
3017,0,-1
3018,0,-1
3019,0,-1
3020,0,-1
3021,0,-1
3022,0,-1
3023,0,-1
3024,0,-1
3025,0,-1
3026,0,-1
3027,0,-1
3028,0,-1
3029,0,-1
3030,0,-1
3031,0,-1
3032,0,-1
3033,0,-1
3034,0,-1
3035,0,-1
3036,0,-1
3037,0,-1
3038,0,-1
3039,0,-1
3040,0,-1
3041,0,-1
3042,0,-1
3043,0,-1
3044,0,-1
3045,0,-1
3046,0,-1
3047,0,-1
3048,0,-1
3049,0,-1
3050,0,-1
3051,0,-1
3052,0,-1
3053,0,-1
3054,0,-1
3055,0,-1
3056,0,-1
3057,0,-1
3058,0,-1
3059,0,-1
3060,0,-1
3061,0,-1
3062,0,-1
3063,0,-1
3064,0,-1
3065,0,-1
3066,0,-1
3067,0,-1
3068,0,-1
3069,0,-1
3070,0,-1
3071,0,-1
3072,0,-1
3073,0,-1
3074,0,-1
3075,0,-1
3076,0,-1
3077,0,-1
3078,0,-1
3079,0,-1
3080,0,-1
3081,0,-1
3082,0,-1
3083,0,-1
3084,0,-1
3085,0,-1
3086,0,-1
3087,0,-1
3088,0,-1
3089,0,-1
3090,0,-1
3091,0,-1
3092,0,-1
3093,0,-1
3094,0,-1
3095,0,-1
3096,0,-1
3097,0,-1
3098,0,-1
3099,0,-1
3100,0,-1
3101,0,-1
3102,0,-1
3103,0,-1
3104,0,-1
3105,0,-1
3106,0,-1
3107,0,-1
3108,0,-1
3109,0,-1
3110,0,-1
3111,0,-1
3112,0,-1
3113,0,-1
3114,0,-1
3115,0,-1
3116,0,-1
3117,0,-1
3118,0,-1
3119,0,-1
3120,0,-1
3121,0,-1
3122,0,-1
3123,0,-1
3124,0,-1
3125,0,-1
3126,0,-1
3127,0,-1
3128,0,-1
3129,0,-1
3130,0,-1
3131,0,-1
3132,0,-1
3133,0,-1
3134,0,-1
3135,0,-1
3136,0,-1
3137,0,-1
3138,0,-1
3139,0,-1
3140,0,-1
3141,0,-1
3142,0,-1
3143,0,-1
3144,0,-1
3145,0,-1
3146,0,-1
3147,0,-1
3148,0,-1
3149,0,-1
3150,0,-1
3151,0,-1
3152,0,-1
3153,0,-1
3154,0,-1
3155,0,-1
3156,0,-1
3157,0,-1
3158,0,-1
3159,0,-1
3160,0,-1
3161,0,-1
3162,0,-1
3163,0,-1
3164,0,-1
3165,0,-1
3166,0,-1
3167,0,-1
3168,0,-1
3169,0,-1
3170,0,-1
3171,0,-1
3172,0,-1
3173,0,-1
3174,0,-1
3175,0,-1
3176,0,-1
3177,0,-1
3178,0,-1
3179,0,-1
3180,0,-1
3181,0,-1
3182,0,-1
3183,0,-1
3184,0,-1
3185,0,-1
3186,0,-1
3187,0,-1
3188,0,-1
3189,0,-1
3190,0,-1
3191,0,-1
3192,0,-1
3193,0,-1
3194,0,-1
3195,0,-1
3196,0,-1
3197,0,-1
3198,0,-1
3199,0,-1
3200,0,-1
3201,0,-1
3202,0,-1
3203,0,-1
3204,0,-1
3205,0,-1
3206,0,-1
3207,0,-1
3208,0,-1
3209,0,-1
3210,0,-1
3211,0,-1
3212,0,-1
3213,0,-1
3214,0,-1
3215,0,-1
3216,0,-1
3217,0,-1
3218,0,-1
3219,0,-1
3220,0,-1
3221,0,-1
3222,0,-1
3223,0,-1
3224,0,-1
3225,0,-1
3226,0,-1
3227,0,-1
3228,0,-1
3229,0,-1
3230,0,-1
3231,0,-1
3232,0,-1
3233,0,-1
3234,0,-1
3235,0,-1
3236,0,-1
3237,0,-1
3238,0,-1
3239,0,-1
3240,0,-1
3241,0,-1
3242,0,-1
3243,0,-1
3244,0,-1
3245,0,-1
3246,0,-1
3247,0,-1
3248,0,-1
3249,0,-1
3250,0,-1
3251,0,-1
3252,0,-1
3253,0,-1
3254,0,-1
3255,0,-1
3256,0,-1
3257,0,-1
3258,0,-1
3259,0,-1
3260,0,-1
3261,0,-1
3262,0,-1
3263,0,-1
3264,0,-1
3265,0,-1
3266,0,-1
3267,0,-1
3268,0,-1
3269,0,-1
3270,0,-1
3271,0,-1
3272,0,-1
3273,0,-1
3274,0,-1
3275,0,-1
3276,0,-1
3277,0,-1
3278,0,-1
3279,0,-1
3280,0,-1
3281,0,-1
3282,0,-1
3283,0,-1
3284,0,-1
3285,0,-1
3286,0,-1
3287,0,-1
3288,0,-1
3289,0,-1
3290,0,-1
3291,0,-1
3292,0,-1
3293,0,-1
3294,0,-1
3295,0,-1
3296,0,-1
3297,0,-1
3298,0,-1
3299,0,-1
3300,0,-1
3301,0,-1
3302,0,-1
3303,0,-1
3304,0,-1
3305,0,-1
3306,0,-1
3307,0,-1
3308,0,-1
3309,0,-1
3310,0,-1
3311,0,-1
3312,0,-1
3313,0,-1
3314,0,-1
3315,0,-1
3316,0,-1
3317,0,-1
3318,0,-1
3319,0,-1
3320,0,-1
3321,0,-1
3322,0,-1
3323,0,-1
3324,0,-1
3325,0,-1
3326,0,-1
3327,0,-1
3328,0,-1
3329,0,-1
3330,0,-1
3331,0,-1
3332,0,-1
3333,0,-1
3334,0,-1
3335,0,-1
3336,0,-1
3337,0,-1
3338,0,-1
3339,0,-1
3340,0,-1
3341,0,-1
3342,0,-1
3343,0,-1
3344,0,-1
3345,0,-1
3346,0,-1
3347,0,-1
3348,0,-1
3349,0,-1
3350,0,-1
3351,0,-1
3352,0,-1
3353,0,-1
3354,0,-1
3355,0,-1
3356,0,-1
3357,0,-1
3358,0,-1
3359,0,-1
3360,0,-1
3361,0,-1
3362,0,-1
3363,0,-1
3364,0,-1
3365,0,-1
3366,0,-1
3367,0,-1
3368,0,-1
3369,0,-1
3370,0,-1
3371,0,-1
3372,0,-1
3373,0,-1
3374,0,-1
3375,0,-1
3376,0,-1
3377,0,-1
3378,0,-1
3379,0,-1
3380,0,-1
3381,0,-1
3382,0,-1
3383,0,-1
3384,0,-1
3385,0,-1
3386,0,-1
3387,0,-1
3388,0,-1
3389,0,-1
3390,0,-1
3391,0,-1
3392,0,-1
3393,0,-1
3394,0,-1
3395,0,-1
3396,0,-1
3397,0,-1
3398,0,-1
3399,0,-1
3400,0,-1
3401,0,-1
3402,0,-1
3403,0,-1
3404,0,-1
3405,0,-1
3406,0,-1
3407,0,-1
3408,0,-1
3409,0,-1
3410,0,-1
3411,0,-1
3412,0,-1
3413,0,-1
3414,0,-1
3415,0,-1
3416,0,-1
3417,0,-1
3418,0,-1
3419,0,-1
3420,0,-1
3421,0,-1
3422,0,-1
3423,0,-1
3424,0,-1
3425,0,-1
3426,0,-1
3427,0,-1
3428,0,-1
3429,0,-1
3430,0,-1
3431,0,-1
3432,0,-1
3433,0,-1
3434,0,-1
3435,0,-1
3436,0,-1
3437,0,-1
3438,0,-1
3439,0,-1
3440,0,-1
3441,0,-1
3442,0,-1
3443,0,-1
3444,0,-1
3445,0,-1
3446,0,-1
3447,0,-1
3448,0,-1
3449,0,-1
3450,0,-1
3451,0,-1
3452,0,-1
3453,0,-1
3454,0,-1
3455,0,-1
3456,0,-1
3457,0,-1
3458,0,-1
3459,0,-1
3460,0,-1
3461,0,-1
3462,0,-1
3463,0,-1
3464,0,-1
3465,0,-1
3466,0,-1
3467,0,-1
3468,0,-1
3469,0,-1
3470,0,-1
3471,0,-1
3472,0,-1
3473,0,-1
3474,0,-1
3475,0,-1
3476,0,-1
3477,0,-1
3478,0,-1
3479,0,-1
3480,0,-1
3481,0,-1
3482,0,-1
3483,0,-1
3484,0,-1
3485,0,-1
3486,0,-1
3487,0,-1
3488,0,-1
3489,0,-1
3490,0,-1
3491,0,-1
3492,0,-1
3493,0,-1
3494,0,-1
3495,0,-1
3496,0,-1
3497,0,-1
3498,0,-1
3499,0,-1
3500,0,-1
3501,0,-1
3502,0,-1
3503,0,-1
3504,0,-1
3505,0,-1
3506,0,-1
3507,0,-1
3508,0,-1
3509,0,-1
3510,0,-1
3511,0,-1
3512,0,-1
3513,0,-1
3514,0,-1
3515,0,-1
3516,0,-1
3517,0,-1
3518,0,-1
3519,0,-1
3520,0,-1
3521,0,-1
3522,0,-1
3523,0,-1
3524,0,-1
3525,0,-1
3526,0,-1
3527,0,-1
3528,0,-1
3529,0,-1
3530,0,-1
3531,0,-1
3532,0,-1
3533,0,-1
3534,0,-1
3535,0,-1
3536,0,-1
3537,0,-1
3538,0,-1
3539,0,-1
3540,0,-1
3541,0,-1
3542,0,-1
3543,0,-1
3544,0,-1
3545,0,-1
3546,0,-1
3547,0,-1
3548,0,-1
3549,0,-1
3550,0,-1
3551,0,-1
3552,0,-1
3553,0,-1
3554,0,-1
3555,0,-1
3556,0,-1
3557,0,-1
3558,0,-1
3559,0,-1
3560,0,-1
3561,0,-1
3562,0,-1
3563,0,-1
3564,0,-1
3565,0,-1
3566,0,-1
3567,0,-1
3568,0,-1
3569,0,-1
3570,0,-1
3571,0,-1
3572,0,-1
3573,0,-1
3574,0,-1
3575,0,-1
3576,0,-1
3577,0,-1
3578,0,-1
3579,0,-1
3580,0,-1
3581,0,-1
3582,0,-1
3583,0,-1
3584,0,-1
3585,0,-1
3586,0,-1
3587,0,-1
3588,0,-1
3589,0,-1
3590,0,-1
3591,0,-1
3592,0,-1
3593,0,-1
3594,0,-1
3595,0,-1
3596,0,-1
3597,0,-1
3598,0,-1
3599,0,-1
3600,0,-1
3601,0,-1
3602,0,-1
3603,0,-1
3604,0,-1
3605,0,-1
3606,0,-1
3607,0,-1
3608,0,-1
3609,0,-1
3610,0,-1
3611,0,-1
3612,0,-1
3613,0,-1
3614,0,-1
3615,0,-1
3616,0,-1
3617,0,-1
3618,0,-1
3619,0,-1
3620,0,-1
3621,0,-1
3622,0,-1
3623,0,-1
3624,0,-1
3625,0,-1
3626,0,-1
3627,0,-1
3628,0,-1
3629,0,-1
3630,0,-1
3631,0,-1
3632,0,-1
3633,0,-1
3634,0,-1
3635,0,-1
3636,0,-1
3637,0,-1
3638,0,-1
3639,0,-1
3640,0,-1
3641,0,-1
3642,0,-1
3643,0,-1
3644,0,-1
3645,0,-1
3646,0,-1
3647,0,-1
3648,0,-1
3649,0,-1
3650,0,-1
3651,0,-1
3652,0,-1
3653,0,-1
3654,0,-1
3655,0,-1
3656,0,-1
3657,0,-1
3658,0,-1
3659,0,-1
3660,0,-1
3661,0,-1
3662,0,-1
3663,0,-1
3664,0,-1
3665,0,-1
3666,0,-1
3667,0,-1
3668,0,-1
3669,0,-1
3670,0,-1
3671,0,-1
3672,0,-1
3673,0,-1
3674,0,-1
3675,0,-1
3676,0,-1
3677,0,-1
3678,0,-1
3679,0,-1
3680,0,-1
3681,0,-1
3682,0,-1
3683,0,-1
3684,0,-1
3685,0,-1
3686,0,-1
3687,0,-1
3688,0,-1
3689,0,-1
3690,0,-1
3691,0,-1
3692,0,-1
3693,0,-1
3694,0,-1
3695,0,-1
3696,0,-1
3697,0,-1
3698,0,-1
3699,0,-1
3700,0,-1
3701,0,-1
3702,0,-1
3703,0,-1
3704,0,-1
3705,0,-1
3706,0,-1
3707,0,-1
3708,0,-1
3709,0,-1
3710,0,-1
3711,0,-1
3712,0,-1
3713,0,-1
3714,0,-1
3715,0,-1
3716,0,-1
3717,0,-1
3718,0,-1
3719,0,-1
3720,0,-1
3721,0,-1
3722,0,-1
3723,0,-1
3724,0,-1
3725,0,-1
3726,0,-1
3727,0,-1
3728,0,-1
3729,0,-1
3730,0,-1
3731,0,-1
3732,0,-1
3733,0,-1
3734,0,-1
3735,0,-1
3736,0,-1
3737,0,-1
3738,0,-1
3739,0,-1
3740,0,-1
3741,0,-1
3742,0,-1
3743,0,-1
3744,0,-1
3745,0,-1
3746,0,-1
3747,0,-1
3748,0,-1
3749,0,-1
3750,0,-1
3751,0,-1
3752,0,-1
3753,0,-1
3754,0,-1
3755,0,-1
3756,0,-1
3757,0,-1
3758,0,-1
3759,0,-1
3760,0,-1
3761,0,-1
3762,0,-1
3763,0,-1
3764,0,-1
3765,0,-1
3766,0,-1
3767,0,-1
3768,0,-1
3769,0,-1
3770,0,-1
3771,0,-1
3772,0,-1
3773,0,-1
3774,0,-1
3775,0,-1
3776,0,-1
3777,0,-1
3778,0,-1
3779,0,-1
3780,0,-1
3781,0,-1
3782,0,-1
3783,0,-1
3784,0,-1
3785,0,-1
3786,0,-1
3787,0,-1
3788,0,-1
3789,0,-1
3790,0,-1
3791,0,-1
3792,0,-1
3793,0,-1
3794,0,-1
3795,0,-1
3796,0,-1
3797,0,-1
3798,0,-1
3799,0,-1
3800,0,-1
3801,0,-1
3802,0,-1
3803,0,-1
3804,0,-1
3805,0,-1
3806,0,-1
3807,0,-1
3808,0,-1
3809,0,-1
3810,0,-1
3811,0,-1
3812,0,-1
3813,0,-1
3814,0,-1
3815,0,-1
3816,0,-1
3817,0,-1
3818,0,-1
3819,0,-1
3820,0,-1
3821,0,-1
3822,0,-1
3823,0,-1
3824,0,-1
3825,0,-1
3826,0,-1
3827,0,-1
3828,0,-1
3829,0,-1
3830,0,-1
3831,0,-1
3832,0,-1
3833,0,-1
3834,0,-1
3835,0,-1
3836,0,-1
3837,0,-1
3838,0,-1
3839,0,-1
3840,0,-1
3841,0,-1
3842,0,-1
3843,0,-1
3844,0,-1
3845,0,-1
3846,0,-1
3847,0,-1
3848,0,-1
3849,0,-1
3850,0,-1
3851,0,-1
3852,0,-1
3853,0,-1
3854,0,-1
3855,0,-1
3856,0,-1
3857,0,-1
3858,0,-1
3859,0,-1
3860,0,-1
3861,0,-1
3862,0,-1
3863,0,-1
3864,0,-1
3865,0,-1
3866,0,-1
3867,0,-1
3868,0,-1
3869,0,-1
3870,0,-1
3871,0,-1
3872,0,-1
3873,0,-1
3874,0,-1
3875,0,-1
3876,0,-1
3877,0,-1
3878,0,-1
3879,0,-1
3880,0,-1
3881,0,-1
3882,0,-1
3883,0,-1
3884,0,-1
3885,0,-1
3886,0,-1
3887,0,-1
3888,0,-1
3889,0,-1
3890,0,-1
3891,0,-1
3892,0,-1
3893,0,-1
3894,0,-1
3895,0,-1
3896,0,-1
3897,0,-1
3898,0,-1
3899,0,-1
3900,0,-1
3901,0,-1
3902,0,-1
3903,0,-1
3904,0,-1
3905,0,-1
3906,0,-1
3907,0,-1
3908,0,-1
3909,0,-1
3910,0,-1
3911,0,-1
3912,0,-1
3913,0,-1
3914,0,-1
3915,0,-1
3916,0,-1
3917,0,-1
3918,0,-1
3919,0,-1
3920,0,-1
3921,0,-1
3922,0,-1
3923,0,-1
3924,0,-1
3925,0,-1
3926,0,-1
3927,0,-1
3928,0,-1
3929,0,-1
3930,0,-1
3931,0,-1
3932,0,-1
3933,0,-1
3934,0,-1
3935,0,-1
3936,0,-1
3937,0,-1
3938,0,-1
3939,0,-1
3940,0,-1
3941,0,-1
3942,0,-1
3943,0,-1
3944,0,-1
3945,0,-1
3946,0,-1
3947,0,-1
3948,0,-1
3949,0,-1
3950,0,-1
3951,0,-1
3952,0,-1
3953,0,-1
3954,0,-1
3955,0,-1
3956,0,-1
3957,0,-1
3958,0,-1
3959,0,-1
3960,0,-1
3961,0,-1
3962,0,-1
3963,0,-1
3964,0,-1
3965,0,-1
3966,0,-1
3967,0,-1
3968,0,-1
3969,0,-1
3970,0,-1
3971,0,-1
3972,0,-1
3973,0,-1
3974,0,-1
3975,0,-1
3976,0,-1
3977,0,-1
3978,0,-1
3979,0,-1
3980,0,-1
3981,0,-1
3982,0,-1
3983,0,-1
3984,0,-1
3985,0,-1
3986,0,-1
3987,0,-1
3988,0,-1
3989,0,-1
3990,0,-1
3991,0,-1
3992,0,-1
3993,0,-1
3994,0,-1
3995,0,-1
3996,0,-1
3997,0,-1
3998,0,-1
3999,0,-1
4000,0,-1
4001,0,-1
4002,0,-1
4003,0,-1
4004,0,-1
4005,0,-1
4006,0,-1
4007,0,-1
4008,0,-1
4009,0,-1
4010,0,-1
4011,0,-1
4012,0,-1
4013,0,-1
4014,0,-1
4015,0,-1
4016,0,-1
4017,0,-1
4018,0,-1
4019,0,-1
4020,0,-1
4021,0,-1
4022,0,-1
4023,0,-1
4024,0,-1
4025,0,-1
4026,0,-1
4027,0,-1
4028,0,-1
4029,0,-1
4030,0,-1
4031,0,-1
4032,0,-1
4033,0,-1
4034,0,-1
4035,0,-1
4036,0,-1
4037,0,-1
4038,0,-1
4039,0,-1
4040,0,-1
4041,0,-1
4042,0,-1
4043,0,-1
4044,0,-1
4045,0,-1
4046,0,-1
4047,0,-1
4048,0,-1
4049,0,-1
4050,0,-1
4051,0,-1
4052,0,-1
4053,0,-1
4054,0,-1
4055,0,-1
4056,0,-1
4057,0,-1
4058,0,-1
4059,0,-1
4060,0,-1
4061,0,-1
4062,0,-1
4063,0,-1
4064,0,-1
4065,0,-1
4066,0,-1
4067,0,-1
4068,0,-1
4069,0,-1
4070,0,-1
4071,0,-1
4072,0,-1
4073,0,-1
4074,0,-1
4075,0,-1
4076,0,-1
4077,0,-1
4078,0,-1
4079,0,-1
4080,0,-1
4081,0,-1
4082,0,-1
4083,0,-1
4084,0,-1
4085,0,-1
4086,0,-1
4087,0,-1
4088,0,-1
4089,0,-1
4090,0,-1
4091,0,-1
4092,0,-1
4093,0,-1
4094,0,-1
4095,0,-1
4096,0,-1
4097,0,-1
4098,0,-1
4099,0,-1
4100,0,-1
4101,0,-1
4102,0,-1
4103,0,-1
4104,0,-1
4105,0,-1
4106,0,-1
4107,0,-1
4108,0,-1
4109,0,-1
4110,0,-1
4111,0,-1
4112,0,-1
4113,0,-1
4114,0,-1
4115,0,-1
4116,0,-1
4117,0,-1
4118,0,-1
4119,0,-1
4120,0,-1
4121,0,-1
4122,0,-1
4123,0,-1
4124,0,-1
4125,0,-1
4126,0,-1
4127,0,-1
4128,0,-1
4129,0,-1
4130,0,-1
4131,0,-1
4132,0,-1
4133,0,-1
4134,0,-1
4135,0,-1
4136,0,-1
4137,0,-1
4138,0,-1
4139,0,-1
4140,0,-1
4141,0,-1
4142,0,-1
4143,0,-1
4144,0,-1
4145,0,-1
4146,0,-1
4147,0,-1
4148,0,-1
4149,0,-1
4150,0,-1
4151,0,-1
4152,0,-1
4153,0,-1
4154,0,-1
4155,0,-1
4156,0,-1
4157,0,-1
4158,0,-1
4159,0,-1
4160,0,-1
4161,0,-1
4162,0,-1
4163,0,-1
4164,0,-1
4165,0,-1
4166,0,-1
4167,0,-1
4168,0,-1
4169,0,-1
4170,0,-1
4171,0,-1
4172,0,-1
4173,0,-1
4174,0,-1
4175,0,-1
4176,0,-1
4177,0,-1
4178,0,-1
4179,0,-1
4180,0,-1
4181,0,-1
4182,0,-1
4183,0,-1
4184,0,-1
4185,0,-1
4186,0,-1
4187,0,-1
4188,0,-1
4189,0,-1
4190,0,-1
4191,0,-1
4192,0,-1
4193,0,-1
4194,0,-1
4195,0,-1
4196,0,-1
4197,0,-1
4198,0,-1
4199,0,-1
4200,0,-1
4201,0,-1
4202,0,-1
4203,0,-1
4204,0,-1
4205,0,-1
4206,0,-1
4207,0,-1
4208,0,-1
4209,0,-1
4210,0,-1
4211,0,-1
4212,0,-1
4213,0,-1
4214,0,-1
4215,0,-1
4216,0,-1
4217,0,-1
4218,0,-1
4219,0,-1
4220,0,-1
4221,0,-1
4222,0,-1
4223,0,-1
4224,0,-1
4225,0,-1
4226,0,-1
4227,0,-1
4228,0,-1
4229,0,-1
4230,0,-1
4231,0,-1
4232,0,-1
4233,0,-1
4234,0,-1
4235,0,-1
4236,0,-1
4237,0,-1
4238,0,-1
4239,0,-1
4240,0,-1
4241,0,-1
4242,0,-1
4243,0,-1
4244,0,-1
4245,0,-1
4246,0,-1
4247,0,-1
4248,0,-1
4249,0,-1
4250,0,-1
4251,0,-1
4252,0,-1
4253,0,-1
4254,0,-1
4255,0,-1
4256,0,-1
4257,0,-1
4258,0,-1
4259,0,-1
4260,0,-1
4261,0,-1
4262,0,-1
4263,0,-1
4264,0,-1
4265,0,-1
4266,0,-1
4267,0,-1
4268,0,-1
4269,0,-1
4270,0,-1
4271,0,-1
4272,0,-1
4273,0,-1
4274,0,-1
4275,0,-1
4276,0,-1
4277,0,-1
4278,0,-1
4279,0,-1
4280,0,-1
4281,0,-1
4282,0,-1
4283,0,-1
4284,0,-1
4285,0,-1
4286,0,-1
4287,0,-1
4288,0,-1
4289,0,-1
4290,0,-1
4291,0,-1
4292,0,-1
4293,0,-1
4294,0,-1
4295,0,-1
4296,0,-1
4297,0,-1
4298,0,-1
4299,0,-1
4300,0,-1
4301,0,-1
4302,0,-1
4303,0,-1
4304,0,-1
4305,0,-1
4306,0,-1
4307,0,-1
4308,0,-1
4309,0,-1
4310,0,-1
4311,0,-1
4312,0,-1
4313,0,-1
4314,0,-1
4315,0,-1
4316,0,-1
4317,0,-1
4318,0,-1
4319,0,-1
4320,0,-1
4321,0,-1
4322,0,-1
4323,0,-1
4324,0,-1
4325,0,-1
4326,0,-1
4327,0,-1
4328,0,-1
4329,0,-1
4330,0,-1
4331,0,-1
4332,0,-1
4333,0,-1
4334,0,-1
4335,0,-1
4336,0,-1
4337,0,-1
4338,0,-1
4339,0,-1
4340,0,-1
4341,0,-1
4342,0,-1
4343,0,-1
4344,0,-1
4345,0,-1
4346,0,-1
4347,0,-1
4348,0,-1
4349,0,-1
4350,0,-1
4351,0,-1
4352,0,-1
4353,0,-1
4354,0,-1
4355,0,-1
4356,0,-1
4357,0,-1
4358,0,-1
4359,0,-1
4360,0,-1
4361,0,-1
4362,0,-1
4363,0,-1
4364,0,-1
4365,0,-1
4366,0,-1
4367,0,-1
4368,0,-1
4369,0,-1
4370,0,-1
4371,0,-1
4372,0,-1
4373,0,-1
4374,0,-1
4375,0,-1
4376,0,-1
4377,0,-1
4378,0,-1
4379,0,-1
4380,0,-1
4381,0,-1
4382,0,-1
4383,0,-1
4384,0,-1
4385,0,-1
4386,0,-1
4387,0,-1
4388,0,-1
4389,0,-1
4390,0,-1
4391,0,-1
4392,0,-1
4393,0,-1
4394,0,-1
4395,0,-1
4396,0,-1
4397,0,-1
4398,0,-1
4399,0,-1
4400,0,-1
4401,0,-1
4402,0,-1
4403,0,-1
4404,0,-1
4405,0,-1
4406,0,-1
4407,0,-1
4408,0,-1
4409,0,-1
4410,0,-1
4411,0,-1
4412,0,-1
4413,0,-1
4414,0,-1
4415,0,-1
4416,0,-1
4417,0,-1
4418,0,-1
4419,0,-1
4420,0,-1
4421,0,-1
4422,0,-1
4423,0,-1
4424,0,-1
4425,0,-1
4426,0,-1
4427,0,-1
4428,0,-1
4429,0,-1
4430,0,-1
4431,0,-1
4432,0,-1
4433,0,-1
4434,0,-1
4435,0,-1
4436,0,-1
4437,0,-1
4438,0,-1
4439,0,-1
4440,0,-1
4441,0,-1
4442,0,-1
4443,0,-1
4444,0,-1
4445,0,-1
4446,0,-1
4447,0,-1
4448,0,-1
4449,0,-1
4450,0,-1
4451,0,-1
4452,0,-1
4453,0,-1
4454,0,-1
4455,0,-1
4456,0,-1
4457,0,-1
4458,0,-1
4459,0,-1
4460,0,-1
4461,0,-1
4462,0,-1
4463,0,-1
4464,0,-1
4465,0,-1
4466,0,-1
4467,0,-1
4468,0,-1
4469,0,-1
4470,0,-1
4471,0,-1
4472,0,-1
4473,0,-1
4474,0,-1
4475,0,-1
4476,0,-1
4477,0,-1
4478,0,-1
4479,0,-1
4480,0,-1
4481,0,-1
4482,0,-1
4483,0,-1
4484,0,-1
4485,0,-1
4486,0,-1
4487,0,-1
4488,0,-1
4489,0,-1
4490,0,-1
4491,0,-1
4492,0,-1
4493,0,-1
4494,0,-1
4495,0,-1
4496,0,-1
4497,0,-1
4498,0,-1
4499,0,-1
4500,0,-1
4501,0,-1
4502,0,-1
4503,0,-1
4504,0,-1
4505,0,-1
4506,0,-1
4507,0,-1
4508,0,-1
4509,0,-1
4510,0,-1
4511,0,-1
4512,0,-1
4513,0,-1
4514,0,-1
4515,0,-1
4516,0,-1
4517,0,-1
4518,0,-1
4519,0,-1
4520,0,-1
4521,0,-1
4522,0,-1
4523,0,-1
4524,0,-1
4525,0,-1
4526,0,-1
4527,0,-1
4528,0,-1
4529,0,-1
4530,0,-1
4531,0,-1
4532,0,-1
4533,0,-1
4534,0,-1
4535,0,-1
4536,0,-1
4537,0,-1
4538,0,-1
4539,0,-1
4540,0,-1
4541,0,-1
4542,0,-1
4543,0,-1
4544,0,-1
4545,0,-1
4546,0,-1
4547,0,-1
4548,0,-1
4549,0,-1
4550,0,-1
4551,0,-1
4552,0,-1
4553,0,-1
4554,0,-1
4555,0,-1
4556,0,-1
4557,0,-1
4558,0,-1
4559,0,-1
4560,0,-1
4561,0,-1
4562,0,-1
4563,0,-1
4564,0,-1
4565,0,-1
4566,0,-1
4567,0,-1
4568,0,-1
4569,0,-1
4570,0,-1
4571,0,-1
4572,0,-1
4573,0,-1
4574,0,-1
4575,0,-1
4576,0,-1
4577,0,-1
4578,0,-1
4579,0,-1
4580,0,-1
4581,0,-1
4582,0,-1
4583,0,-1
4584,0,-1
4585,0,-1
4586,0,-1
4587,0,-1
4588,0,-1
4589,0,-1
4590,0,-1
4591,0,-1
4592,0,-1
4593,0,-1
4594,0,-1
4595,0,-1
4596,0,-1
4597,0,-1
4598,0,-1
4599,0,-1
4600,0,-1
4601,0,-1
4602,0,-1
4603,0,-1
4604,0,-1
4605,0,-1
4606,0,-1
4607,0,-1
4608,0,-1
4609,0,-1
4610,0,-1
4611,0,-1
4612,0,-1
4613,0,-1
4614,0,-1
4615,0,-1
4616,0,-1
4617,0,-1
4618,0,-1
4619,0,-1
4620,0,-1
4621,0,-1
4622,0,-1
4623,0,-1
4624,0,-1
4625,0,-1
4626,0,-1
4627,0,-1
4628,0,-1
4629,0,-1
4630,0,-1
4631,0,-1
4632,0,-1
4633,0,-1
4634,0,-1
4635,0,-1
4636,0,-1
4637,0,-1
4638,0,-1
4639,0,-1
4640,0,-1
4641,0,-1
4642,0,-1
4643,0,-1
4644,0,-1
4645,0,-1
4646,0,-1
4647,0,-1
4648,0,-1
4649,0,-1
4650,0,-1
4651,0,-1
4652,0,-1
4653,0,-1
4654,0,-1
4655,0,-1
4656,0,-1
4657,0,-1
4658,0,-1
4659,0,-1
4660,0,-1
4661,0,-1
4662,0,-1
4663,0,-1
4664,0,-1
4665,0,-1
4666,0,-1
4667,0,-1
4668,0,-1
4669,0,-1
4670,0,-1
4671,0,-1
4672,0,-1
4673,0,-1
4674,0,-1
4675,0,-1
4676,0,-1
4677,0,-1
4678,0,-1
4679,0,-1
4680,0,-1
4681,0,-1
4682,0,-1
4683,0,-1
4684,0,-1
4685,0,-1
4686,0,-1
4687,0,-1
4688,0,-1
4689,0,-1
4690,0,-1
4691,0,-1
4692,0,-1
4693,0,-1
4694,0,-1
4695,0,-1
4696,0,-1
4697,0,-1
4698,0,-1
4699,0,-1
4700,0,-1
4701,0,-1
4702,0,-1
4703,0,-1
4704,0,-1
4705,0,-1
4706,0,-1
4707,0,-1
4708,0,-1
4709,0,-1
4710,0,-1
4711,0,-1
4712,0,-1
4713,0,-1
4714,0,-1
4715,0,-1
4716,0,-1
4717,0,-1
4718,0,-1
4719,0,-1
4720,0,-1
4721,0,-1
4722,0,-1
4723,0,-1
4724,0,-1
4725,0,-1
4726,0,-1
4727,0,-1
4728,0,-1
4729,0,-1
4730,0,-1
4731,0,-1
4732,0,-1
4733,0,-1
4734,0,-1
4735,0,-1
4736,0,-1
4737,0,-1
4738,0,-1
4739,0,-1
4740,0,-1
4741,0,-1
4742,0,-1
4743,0,-1
4744,0,-1
4745,0,-1
4746,0,-1
4747,0,-1
4748,0,-1
4749,0,-1
4750,0,-1
4751,0,-1
4752,0,-1
4753,0,-1
4754,0,-1
4755,0,-1
4756,0,-1
4757,0,-1
4758,0,-1
4759,0,-1
4760,0,-1
4761,0,-1
4762,0,-1
4763,0,-1
4764,0,-1
4765,0,-1
4766,0,-1
4767,0,-1
4768,0,-1
4769,0,-1
4770,0,-1
4771,0,-1
4772,0,-1
4773,0,-1
4774,0,-1
4775,0,-1
4776,0,-1
4777,0,-1
4778,0,-1
4779,0,-1
4780,0,-1
4781,0,-1
4782,0,-1
4783,0,-1
4784,0,-1
4785,0,-1
4786,0,-1
4787,0,-1
4788,0,-1
4789,0,-1
4790,0,-1
4791,0,-1
4792,0,-1
4793,0,-1
4794,0,-1
4795,0,-1
4796,0,-1
4797,0,-1
4798,0,-1
4799,0,-1
4800,0,-1
4801,0,-1
4802,0,-1
4803,0,-1
4804,0,-1
4805,0,-1
4806,0,-1
4807,0,-1
4808,0,-1
4809,0,-1
4810,0,-1
4811,0,-1
4812,0,-1
4813,0,-1
4814,0,-1
4815,0,-1
4816,0,-1
4817,0,-1
4818,0,-1
4819,0,-1
4820,0,-1
4821,0,-1
4822,0,-1
4823,0,-1
4824,0,-1
4825,0,-1
4826,0,-1
4827,0,-1
4828,0,-1
4829,0,-1
4830,0,-1
4831,0,-1
4832,0,-1
4833,0,-1
4834,0,-1
4835,0,-1
4836,0,-1
4837,0,-1
4838,0,-1
4839,0,-1
4840,0,-1
4841,0,-1
4842,0,-1
4843,0,-1
4844,0,-1
4845,0,-1
4846,0,-1
4847,0,-1
4848,0,-1
4849,0,-1
4850,0,-1
4851,0,-1
4852,0,-1
4853,0,-1
4854,0,-1
4855,0,-1
4856,0,-1
4857,0,-1
4858,0,-1
4859,0,-1
4860,0,-1
4861,0,-1
4862,0,-1
4863,0,-1
4864,0,-1
4865,0,-1
4866,0,-1
4867,0,-1
4868,0,-1
4869,0,-1
4870,0,-1
4871,0,-1
4872,0,-1
4873,0,-1
4874,0,-1
4875,0,-1
4876,0,-1
4877,0,-1
4878,0,-1
4879,0,-1
4880,0,-1
4881,0,-1
4882,0,-1
4883,0,-1
4884,0,-1
4885,0,-1
4886,0,-1
4887,0,-1
4888,0,-1
4889,0,-1
4890,0,-1
4891,0,-1
4892,0,-1
4893,0,-1
4894,0,-1
4895,0,-1
4896,0,-1
4897,0,-1
4898,0,-1
4899,0,-1
4900,0,-1
4901,0,-1
4902,0,-1
4903,0,-1
4904,0,-1
4905,0,-1
4906,0,-1
4907,0,-1
4908,0,-1
4909,0,-1
4910,0,-1
4911,0,-1
4912,0,-1
4913,0,-1
4914,0,-1
4915,0,-1
4916,0,-1
4917,0,-1
4918,0,-1
4919,0,-1
4920,0,-1
4921,0,-1
4922,0,-1
4923,0,-1
4924,0,-1
4925,0,-1
4926,0,-1
4927,0,-1
4928,0,-1
4929,0,-1
4930,0,-1
4931,0,-1
4932,0,-1
4933,0,-1
4934,0,-1
4935,0,-1
4936,0,-1
4937,0,-1
4938,0,-1
4939,0,-1
4940,0,-1
4941,0,-1
4942,0,-1
4943,0,-1
4944,0,-1
4945,0,-1
4946,0,-1
4947,0,-1
4948,0,-1
4949,0,-1
4950,0,-1
4951,0,-1
4952,0,-1
4953,0,-1
4954,0,-1
4955,0,-1
4956,0,-1
4957,0,-1
4958,0,-1
4959,0,-1
4960,0,-1
4961,0,-1
4962,0,-1
4963,0,-1
4964,0,-1
4965,0,-1
4966,0,-1
4967,0,-1
4968,0,-1
4969,0,-1
4970,0,-1
4971,0,-1
4972,0,-1
4973,0,-1
4974,0,-1
4975,0,-1
4976,0,-1
4977,0,-1
4978,0,-1
4979,0,-1
4980,0,-1
4981,0,-1
4982,0,-1
4983,0,-1
4984,0,-1
4985,0,-1
4986,0,-1
4987,0,-1
4988,0,-1
4989,0,-1
4990,0,-1
4991,0,-1
4992,0,-1
4993,0,-1
4994,0,-1
4995,0,-1
4996,0,-1
4997,0,-1
4998,0,-1
4999,0,-1
5000,1,1
5001,1,1
5002,1,1
5003,1,1
5004,1,1
5005,1,1
5006,1,1
5007,1,1
5008,1,1
5009,1,1
5010,1,1
5011,1,1
5012,1,1
5013,1,1
5014,1,1
5015,1,1
5016,1,1
5017,1,1
5018,1,1
5019,1,1
5020,1,1
5021,1,1
5022,1,1
5023,1,1
5024,1,1
5025,1,1
5026,1,1
5027,1,1
5028,1,1
5029,1,1
5030,1,1
5031,1,1
5032,1,1
5033,1,1
5034,1,1
5035,1,1
5036,1,1
5037,1,1
5038,1,1
5039,1,1
5040,1,1
5041,1,1
5042,1,1
5043,1,1
5044,1,1
5045,1,1
5046,1,1
5047,1,1
5048,1,1
5049,1,1
5050,1,1
5051,1,1
5052,1,1
5053,1,1
5054,1,1
5055,1,1
5056,1,1
5057,1,1
5058,1,1
5059,1,1
5060,1,1
5061,1,1
5062,1,1
5063,1,1
5064,1,1
5065,1,1
5066,1,1
5067,1,1
5068,1,1
5069,1,1
5070,1,1
5071,1,1
5072,1,1
5073,1,1
5074,1,1
5075,1,1
5076,1,1
5077,1,1
5078,1,1
5079,1,1
5080,1,1
5081,1,1
5082,1,1
5083,1,1
5084,1,1
5085,1,1
5086,1,1
5087,1,1
5088,1,1
5089,1,1
5090,1,1
5091,1,1
5092,1,1
5093,1,1
5094,1,1
5095,1,1
5096,1,1
5097,1,1
5098,1,1
5099,1,1
5100,1,2
5101,1,2
5102,1,2
5103,1,2
5104,1,2
5105,1,2
5106,1,2
5107,1,2
5108,1,2
5109,1,2
5110,1,2
5111,1,2
5112,1,2
5113,1,2
5114,1,2
5115,1,2
5116,1,2
5117,1,2
5118,1,2
5119,1,2
5120,1,2
5121,1,2
5122,1,2
5123,1,2
5124,1,2
5125,1,2
5126,1,2
5127,1,2
5128,1,2
5129,1,2
5130,1,2
5131,1,2
5132,1,2
5133,1,2
5134,1,2
5135,1,2
5136,1,2
5137,1,2
5138,1,2
5139,1,2
5140,1,2
5141,1,2
5142,1,2
5143,1,2
5144,1,2
5145,1,2
5146,1,2
5147,1,2
5148,1,2
5149,1,2
5150,1,2
5151,1,2
5152,1,2
5153,1,2
5154,1,2
5155,1,2
5156,1,2
5157,1,2
5158,1,2
5159,1,2
5160,1,2
5161,1,2
5162,1,2
5163,1,2
5164,1,2
5165,1,2
5166,1,2
5167,1,2
5168,1,2
5169,1,2
5170,1,2
5171,1,2
5172,1,2
5173,1,2
5174,1,2
5175,1,2
5176,1,2
5177,1,2
5178,1,2
5179,1,2
5180,1,2
5181,1,2
5182,1,2
5183,1,2
5184,1,2
5185,1,2
5186,1,2
5187,1,2
5188,1,2
5189,1,2
5190,1,2
5191,1,2
5192,1,2
5193,1,2
5194,1,2
5195,1,2
5196,1,2
5197,1,2
5198,1,2
5199,1,2
5200,1,3
5201,1,3
5202,1,3
5203,1,3
5204,1,3
5205,1,3
5206,1,3
5207,1,3
5208,1,3
5209,1,3
5210,1,3
5211,1,3
5212,1,3
5213,1,3
5214,1,3
5215,1,3
5216,1,3
5217,1,3
5218,1,3
5219,1,3
5220,1,3
5221,1,3
5222,1,3
5223,1,3
5224,1,3
5225,1,3
5226,1,3
5227,1,3
5228,1,3
5229,1,3
5230,1,3
5231,1,3
5232,1,3
5233,1,3
5234,1,3
5235,1,3
5236,1,3
5237,1,3
5238,1,3
5239,1,3
5240,1,3
5241,1,3
5242,1,3
5243,1,3
5244,1,3
5245,1,3
5246,1,3
5247,1,3
5248,1,3
5249,1,3
5250,1,3
5251,1,3
5252,1,3
5253,1,3
5254,1,3
5255,1,3
5256,1,3
5257,1,3
5258,1,3
5259,1,3
5260,1,3
5261,1,3
5262,1,3
5263,1,3
5264,1,3
5265,1,3
5266,1,3
5267,1,3
5268,1,3
5269,1,3
5270,1,3
5271,1,3
5272,1,3
5273,1,3
5274,1,3
5275,1,3
5276,1,3
5277,1,3
5278,1,3
5279,1,3
5280,1,3
5281,1,3
5282,1,3
5283,1,3
5284,1,3
5285,1,3
5286,1,3
5287,1,3
5288,1,3
5289,1,3
5290,1,3
5291,1,3
5292,1,3
5293,1,3
5294,1,3
5295,1,3
5296,1,3
5297,1,3
5298,1,3
5299,1,3
5300,1,4
5301,1,4
5302,1,4
5303,1,4
5304,1,4
5305,1,4
5306,1,4
5307,1,4
5308,1,4
5309,1,4
5310,1,4
5311,1,4
5312,1,4
5313,1,4
5314,1,4
5315,1,4
5316,1,4
5317,1,4
5318,1,4
5319,1,4
5320,1,4
5321,1,4
5322,1,4
5323,1,4
5324,1,4
5325,1,4
5326,1,4
5327,1,4
5328,1,4
5329,1,4
5330,1,4
5331,1,4
5332,1,4
5333,1,4
5334,1,4
5335,1,4
5336,1,4
5337,1,4
5338,1,4
5339,1,4
5340,1,4
5341,1,4
5342,1,4
5343,1,4
5344,1,4
5345,1,4
5346,1,4
5347,1,4
5348,1,4
5349,1,4
5350,1,4
5351,1,4
5352,1,4
5353,1,4
5354,1,4
5355,1,4
5356,1,4
5357,1,4
5358,1,4
5359,1,4
5360,1,4
5361,1,4
5362,1,4
5363,1,4
5364,1,4
5365,1,4
5366,1,4
5367,1,4
5368,1,4
5369,1,4
5370,1,4
5371,1,4
5372,1,4
5373,1,4
5374,1,4
5375,1,4
5376,1,4
5377,1,4
5378,1,4
5379,1,4
5380,1,4
5381,1,4
5382,1,4
5383,1,4
5384,1,4
5385,1,4
5386,1,4
5387,1,4
5388,1,4
5389,1,4
5390,1,4
5391,1,4
5392,1,4
5393,1,4
5394,1,4
5395,1,4
5396,1,4
5397,1,4
5398,1,4
5399,1,4
5400,1,5
5401,1,5
5402,1,5
5403,1,5
5404,1,5
5405,1,5
5406,1,5
5407,1,5
5408,1,5
5409,1,5
5410,1,5
5411,1,5
5412,1,5
5413,1,5
5414,1,5
5415,1,5
5416,1,5
5417,1,5
5418,1,5
5419,1,5
5420,1,5
5421,1,5
5422,1,5
5423,1,5
5424,1,5
5425,1,5
5426,1,5
5427,1,5
5428,1,5
5429,1,5
5430,1,5
5431,1,5
5432,1,5
5433,1,5
5434,1,5
5435,1,5
5436,1,5
5437,1,5
5438,1,5
5439,1,5
5440,1,5
5441,1,5
5442,1,5
5443,1,5
5444,1,5
5445,1,5
5446,1,5
5447,1,5
5448,1,5
5449,1,5
5450,1,5
5451,1,5
5452,1,5
5453,1,5
5454,1,5
5455,1,5
5456,1,5
5457,1,5
5458,1,5
5459,1,5
5460,1,5
5461,1,5
5462,1,5
5463,1,5
5464,1,5
5465,1,5
5466,1,5
5467,1,5
5468,1,5
5469,1,5
5470,1,5
5471,1,5
5472,1,5
5473,1,5
5474,1,5
5475,1,5
5476,1,5
5477,1,5
5478,1,5
5479,1,5
5480,1,5
5481,1,5
5482,1,5
5483,1,5
5484,1,5
5485,1,5
5486,1,5
5487,1,5
5488,1,5
5489,1,5
5490,1,5
5491,1,5
5492,1,5
5493,1,5
5494,1,5
5495,1,5
5496,1,5
5497,1,5
5498,1,5
5499,1,5
5500,1,6
5501,1,6
5502,1,6
5503,1,6
5504,1,6
5505,1,6
5506,1,6
5507,1,6
5508,1,6
5509,1,6
5510,1,6
5511,1,6
5512,1,6
5513,1,6
5514,1,6
5515,1,6
5516,1,6
5517,1,6
5518,1,6
5519,1,6
5520,1,6
5521,1,6
5522,1,6
5523,1,6
5524,1,6
5525,1,6
5526,1,6
5527,1,6
5528,1,6
5529,1,6
5530,1,6
5531,1,6
5532,1,6
5533,1,6
5534,1,6
5535,1,6
5536,1,6
5537,1,6
5538,1,6
5539,1,6
5540,1,6
5541,1,6
5542,1,6
5543,1,6
5544,1,6
5545,1,6
5546,1,6
5547,1,6
5548,1,6
5549,1,6
5550,1,6
5551,1,6
5552,1,6
5553,1,6
5554,1,6
5555,1,6
5556,1,6
5557,1,6
5558,1,6
5559,1,6
5560,1,6
5561,1,6
5562,1,6
5563,1,6
5564,1,6
5565,1,6
5566,1,6
5567,1,6
5568,1,6
5569,1,6
5570,1,6
5571,1,6
5572,1,6
5573,1,6
5574,1,6
5575,1,6
5576,1,6
5577,1,6
5578,1,6
5579,1,6
5580,1,6
5581,1,6
5582,1,6
5583,1,6
5584,1,6
5585,1,6
5586,1,6
5587,1,6
5588,1,6
5589,1,6
5590,1,6
5591,1,6
5592,1,6
5593,1,6
5594,1,6
5595,1,6
5596,1,6
5597,1,6
5598,1,6
5599,1,6
5600,1,7
5601,1,7
5602,1,7
5603,1,7
5604,1,7
5605,1,7
5606,1,7
5607,1,7
5608,1,7
5609,1,7
5610,1,7
5611,1,7
5612,1,7
5613,1,7
5614,1,7
5615,1,7
5616,1,7
5617,1,7
5618,1,7
5619,1,7
5620,1,7
5621,1,7
5622,1,7
5623,1,7
5624,1,7
5625,1,7
5626,1,7
5627,1,7
5628,1,7
5629,1,7
5630,1,7
5631,1,7
5632,1,7
5633,1,7
5634,1,7
5635,1,7
5636,1,7
5637,1,7
5638,1,7
5639,1,7
5640,1,7
5641,1,7
5642,1,7
5643,1,7
5644,1,7
5645,1,7
5646,1,7
5647,1,7
5648,1,7
5649,1,7
5650,1,7
5651,1,7
5652,1,7
5653,1,7
5654,1,7
5655,1,7
5656,1,7
5657,1,7
5658,1,7
5659,1,7
5660,1,7
5661,1,7
5662,1,7
5663,1,7
5664,1,7
5665,1,7
5666,1,7
5667,1,7
5668,1,7
5669,1,7
5670,1,7
5671,1,7
5672,1,7
5673,1,7
5674,1,7
5675,1,7
5676,1,7
5677,1,7
5678,1,7
5679,1,7
5680,1,7
5681,1,7
5682,1,7
5683,1,7
5684,1,7
5685,1,7
5686,1,7
5687,1,7
5688,1,7
5689,1,7
5690,1,7
5691,1,7
5692,1,7
5693,1,7
5694,1,7
5695,1,7
5696,1,7
5697,1,7
5698,1,7
5699,1,7
5700,1,8
5701,1,8
5702,1,8
5703,1,8
5704,1,8
5705,1,8
5706,1,8
5707,1,8
5708,1,8
5709,1,8
5710,1,8
5711,1,8
5712,1,8
5713,1,8
5714,1,8
5715,1,8
5716,1,8
5717,1,8
5718,1,8
5719,1,8
5720,1,8
5721,1,8
5722,1,8
5723,1,8
5724,1,8
5725,1,8
5726,1,8
5727,1,8
5728,1,8
5729,1,8
5730,1,8
5731,1,8
5732,1,8
5733,1,8
5734,1,8
5735,1,8
5736,1,8
5737,1,8
5738,1,8
5739,1,8
5740,1,8
5741,1,8
5742,1,8
5743,1,8
5744,1,8
5745,1,8
5746,1,8
5747,1,8
5748,1,8
5749,1,8
5750,1,8
5751,1,8
5752,1,8
5753,1,8
5754,1,8
5755,1,8
5756,1,8
5757,1,8
5758,1,8
5759,1,8
5760,1,8
5761,1,8
5762,1,8
5763,1,8
5764,1,8
5765,1,8
5766,1,8
5767,1,8
5768,1,8
5769,1,8
5770,1,8
5771,1,8
5772,1,8
5773,1,8
5774,1,8
5775,1,8
5776,1,8
5777,1,8
5778,1,8
5779,1,8
5780,1,8
5781,1,8
5782,1,8
5783,1,8
5784,1,8
5785,1,8
5786,1,8
5787,1,8
5788,1,8
5789,1,8
5790,1,8
5791,1,8
5792,1,8
5793,1,8
5794,1,8
5795,1,8
5796,1,8
5797,1,8
5798,1,8
5799,1,8
5800,1,9
5801,1,9
5802,1,9
5803,1,9
5804,1,9
5805,1,9
5806,1,9
5807,1,9
5808,1,9
5809,1,9
5810,1,9
5811,1,9
5812,1,9
5813,1,9
5814,1,9
5815,1,9
5816,1,9
5817,1,9
5818,1,9
5819,1,9
5820,1,9
5821,1,9
5822,1,9
5823,1,9
5824,1,9
5825,1,9
5826,1,9
5827,1,9
5828,1,9
5829,1,9
5830,1,9
5831,1,9
5832,1,9
5833,1,9
5834,1,9
5835,1,9
5836,1,9
5837,1,9
5838,1,9
5839,1,9
5840,1,9
5841,1,9
5842,1,9
5843,1,9
5844,1,9
5845,1,9
5846,1,9
5847,1,9
5848,1,9
5849,1,9
5850,1,9
5851,1,9
5852,1,9
5853,1,9
5854,1,9
5855,1,9
5856,1,9
5857,1,9
5858,1,9
5859,1,9
5860,1,9
5861,1,9
5862,1,9
5863,1,9
5864,1,9
5865,1,9
5866,1,9
5867,1,9
5868,1,9
5869,1,9
5870,1,9
5871,1,9
5872,1,9
5873,1,9
5874,1,9
5875,1,9
5876,1,9
5877,1,9
5878,1,9
5879,1,9
5880,1,9
5881,1,9
5882,1,9
5883,1,9
5884,1,9
5885,1,9
5886,1,9
5887,1,9
5888,1,9
5889,1,9
5890,1,9
5891,1,9
5892,1,9
5893,1,9
5894,1,9
5895,1,9
5896,1,9
5897,1,9
5898,1,9
5899,1,9
5900,1,10
5901,1,10
5902,1,10
5903,1,10
5904,1,10
5905,1,10
5906,1,10
5907,1,10
5908,1,10
5909,1,10
5910,1,10
5911,1,10
5912,1,10
5913,1,10
5914,1,10
5915,1,10
5916,1,10
5917,1,10
5918,1,10
5919,1,10
5920,1,10
5921,1,10
5922,1,10
5923,1,10
5924,1,10
5925,1,10
5926,1,10
5927,1,10
5928,1,10
5929,1,10
5930,1,10
5931,1,10
5932,1,10
5933,1,10
5934,1,10
5935,1,10
5936,1,10
5937,1,10
5938,1,10
5939,1,10
5940,1,10
5941,1,10
5942,1,10
5943,1,10
5944,1,10
5945,1,10
5946,1,10
5947,1,10
5948,1,10
5949,1,10
5950,1,10
5951,1,10
5952,1,10
5953,1,10
5954,1,10
5955,1,10
5956,1,10
5957,1,10
5958,1,10
5959,1,10
5960,1,10
5961,1,10
5962,1,10
5963,1,10
5964,1,10
5965,1,10
5966,1,10
5967,1,10
5968,1,10
5969,1,10
5970,1,10
5971,1,10
5972,1,10
5973,1,10
5974,1,10
5975,1,10
5976,1,10
5977,1,10
5978,1,10
5979,1,10
5980,1,10
5981,1,10
5982,1,10
5983,1,10
5984,1,10
5985,1,10
5986,1,10
5987,1,10
5988,1,10
5989,1,10
5990,1,10
5991,1,10
5992,1,10
5993,1,10
5994,1,10
5995,1,10
5996,1,10
5997,1,10
5998,1,10
5999,1,10
6000,1,11
6001,1,11
6002,1,11
6003,1,11
6004,1,11
6005,1,11
6006,1,11
6007,1,11
6008,1,11
6009,1,11
6010,1,11
6011,1,11
6012,1,11
6013,1,11
6014,1,11
6015,1,11
6016,1,11
6017,1,11
6018,1,11
6019,1,11
6020,1,11
6021,1,11
6022,1,11
6023,1,11
6024,1,11
6025,1,11
6026,1,11
6027,1,11
6028,1,11
6029,1,11
6030,1,11
6031,1,11
6032,1,11
6033,1,11
6034,1,11
6035,1,11
6036,1,11
6037,1,11
6038,1,11
6039,1,11
6040,1,11
6041,1,11
6042,1,11
6043,1,11
6044,1,11
6045,1,11
6046,1,11
6047,1,11
6048,1,11
6049,1,11
6050,1,11
6051,1,11
6052,1,11
6053,1,11
6054,1,11
6055,1,11
6056,1,11
6057,1,11
6058,1,11
6059,1,11
6060,1,11
6061,1,11
6062,1,11
6063,1,11
6064,1,11
6065,1,11
6066,1,11
6067,1,11
6068,1,11
6069,1,11
6070,1,11
6071,1,11
6072,1,11
6073,1,11
6074,1,11
6075,1,11
6076,1,11
6077,1,11
6078,1,11
6079,1,11
6080,1,11
6081,1,11
6082,1,11
6083,1,11
6084,1,11
6085,1,11
6086,1,11
6087,1,11
6088,1,11
6089,1,11
6090,1,11
6091,1,11
6092,1,11
6093,1,11
6094,1,11
6095,1,11
6096,1,11
6097,1,11
6098,1,11
6099,1,11
6100,1,12
6101,1,12
6102,1,12
6103,1,12
6104,1,12
6105,1,12
6106,1,12
6107,1,12
6108,1,12
6109,1,12
6110,1,12
6111,1,12
6112,1,12
6113,1,12
6114,1,12
6115,1,12
6116,1,12
6117,1,12
6118,1,12
6119,1,12
6120,1,12
6121,1,12
6122,1,12
6123,1,12
6124,1,12
6125,1,12
6126,1,12
6127,1,12
6128,1,12
6129,1,12
6130,1,12
6131,1,12
6132,1,12
6133,1,12
6134,1,12
6135,1,12
6136,1,12
6137,1,12
6138,1,12
6139,1,12
6140,1,12
6141,1,12
6142,1,12
6143,1,12
6144,1,12
6145,1,12
6146,1,12
6147,1,12
6148,1,12
6149,1,12
6150,1,12
6151,1,12
6152,1,12
6153,1,12
6154,1,12
6155,1,12
6156,1,12
6157,1,12
6158,1,12
6159,1,12
6160,1,12
6161,1,12
6162,1,12
6163,1,12
6164,1,12
6165,1,12
6166,1,12
6167,1,12
6168,1,12
6169,1,12
6170,1,12
6171,1,12
6172,1,12
6173,1,12
6174,1,12
6175,1,12
6176,1,12
6177,1,12
6178,1,12
6179,1,12
6180,1,12
6181,1,12
6182,1,12
6183,1,12
6184,1,12
6185,1,12
6186,1,12
6187,1,12
6188,1,12
6189,1,12
6190,1,12
6191,1,12
6192,1,12
6193,1,12
6194,1,12
6195,1,12
6196,1,12
6197,1,12
6198,1,12
6199,1,12
6200,1,13
6201,1,13
6202,1,13
6203,1,13
6204,1,13
6205,1,13
6206,1,13
6207,1,13
6208,1,13
6209,1,13
6210,1,13
6211,1,13
6212,1,13
6213,1,13
6214,1,13
6215,1,13
6216,1,13
6217,1,13
6218,1,13
6219,1,13
6220,1,13
6221,1,13
6222,1,13
6223,1,13
6224,1,13
6225,1,13
6226,1,13
6227,1,13
6228,1,13
6229,1,13
6230,1,13
6231,1,13
6232,1,13
6233,1,13
6234,1,13
6235,1,13
6236,1,13
6237,1,13
6238,1,13
6239,1,13
6240,1,13
6241,1,13
6242,1,13
6243,1,13
6244,1,13
6245,1,13
6246,1,13
6247,1,13
6248,1,13
6249,1,13
6250,1,13
6251,1,13
6252,1,13
6253,1,13
6254,1,13
6255,1,13
6256,1,13
6257,1,13
6258,1,13
6259,1,13
6260,1,13
6261,1,13
6262,1,13
6263,1,13
6264,1,13
6265,1,13
6266,1,13
6267,1,13
6268,1,13
6269,1,13
6270,1,13
6271,1,13
6272,1,13
6273,1,13
6274,1,13
6275,1,13
6276,1,13
6277,1,13
6278,1,13
6279,1,13
6280,1,13
6281,1,13
6282,1,13
6283,1,13
6284,1,13
6285,1,13
6286,1,13
6287,1,13
6288,1,13
6289,1,13
6290,1,13
6291,1,13
6292,1,13
6293,1,13
6294,1,13
6295,1,13
6296,1,13
6297,1,13
6298,1,13
6299,1,13
6300,1,14
6301,1,14
6302,1,14
6303,1,14
6304,1,14
6305,1,14
6306,1,14
6307,1,14
6308,1,14
6309,1,14
6310,1,14
6311,1,14
6312,1,14
6313,1,14
6314,1,14
6315,1,14
6316,1,14
6317,1,14
6318,1,14
6319,1,14
6320,1,14
6321,1,14
6322,1,14
6323,1,14
6324,1,14
6325,1,14
6326,1,14
6327,1,14
6328,1,14
6329,1,14
6330,1,14
6331,1,14
6332,1,14
6333,1,14
6334,1,14
6335,1,14
6336,1,14
6337,1,14
6338,1,14
6339,1,14
6340,1,14
6341,1,14
6342,1,14
6343,1,14
6344,1,14
6345,1,14
6346,1,14
6347,1,14
6348,1,14
6349,1,14
6350,1,14
6351,1,14
6352,1,14
6353,1,14
6354,1,14
6355,1,14
6356,1,14
6357,1,14
6358,1,14
6359,1,14
6360,1,14
6361,1,14
6362,1,14
6363,1,14
6364,1,14
6365,1,14
6366,1,14
6367,1,14
6368,1,14
6369,1,14
6370,1,14
6371,1,14
6372,1,14
6373,1,14
6374,1,14
6375,1,14
6376,1,14
6377,1,14
6378,1,14
6379,1,14
6380,1,14
6381,1,14
6382,1,14
6383,1,14
6384,1,14
6385,1,14
6386,1,14
6387,1,14
6388,1,14
6389,1,14
6390,1,14
6391,1,14
6392,1,14
6393,1,14
6394,1,14
6395,1,14
6396,1,14
6397,1,14
6398,1,14
6399,1,14
6400,0,-1
6401,0,-1
6402,0,-1
6403,0,-1
6404,0,-1
6405,0,-1
6406,0,-1
6407,0,-1
6408,0,-1
6409,0,-1
6410,0,-1
6411,0,-1
6412,0,-1
6413,0,-1
6414,0,-1
6415,0,-1
6416,0,-1
6417,0,-1
6418,0,-1
6419,0,-1
6420,0,-1
6421,0,-1
6422,0,-1
6423,0,-1
6424,0,-1
6425,0,-1
6426,0,-1
6427,0,-1
6428,0,-1
6429,0,-1
6430,0,-1
6431,0,-1
6432,0,-1
6433,0,-1
6434,0,-1
6435,0,-1
6436,0,-1
6437,0,-1
6438,0,-1
6439,0,-1
6440,0,-1
6441,0,-1
6442,0,-1
6443,0,-1
6444,0,-1
6445,0,-1
6446,0,-1
6447,0,-1
6448,0,-1
6449,0,-1
6450,0,-1
6451,0,-1
6452,0,-1
6453,0,-1
6454,0,-1
6455,0,-1
6456,0,-1
6457,0,-1
6458,0,-1
6459,0,-1
6460,0,-1
6461,0,-1
6462,0,-1
6463,0,-1
6464,0,-1
6465,0,-1
6466,0,-1
6467,0,-1
6468,0,-1
6469,0,-1
6470,0,-1
6471,0,-1
6472,0,-1
6473,0,-1
6474,0,-1
6475,0,-1
6476,0,-1
6477,0,-1
6478,0,-1
6479,0,-1
6480,0,-1
6481,0,-1
6482,0,-1
6483,0,-1
6484,0,-1
6485,0,-1
6486,0,-1
6487,0,-1
6488,0,-1
6489,0,-1
6490,0,-1
6491,0,-1
6492,0,-1
6493,0,-1
6494,0,-1
6495,0,-1
6496,0,-1
6497,0,-1
6498,0,-1
6499,0,-1
6500,0,-1
6501,0,-1
6502,0,-1
6503,0,-1
6504,0,-1
6505,0,-1
6506,0,-1
6507,0,-1
6508,0,-1
6509,0,-1
6510,0,-1
6511,0,-1
6512,0,-1
6513,0,-1
6514,0,-1
6515,0,-1
6516,0,-1
6517,0,-1
6518,0,-1
6519,0,-1
6520,0,-1
6521,0,-1
6522,0,-1
6523,0,-1
6524,0,-1
6525,0,-1
6526,0,-1
6527,0,-1
6528,0,-1
6529,0,-1
6530,0,-1
6531,0,-1
6532,0,-1
6533,0,-1
6534,0,-1
6535,0,-1
6536,0,-1
6537,0,-1
6538,0,-1
6539,0,-1
6540,0,-1
6541,0,-1
6542,0,-1
6543,0,-1
6544,0,-1
6545,0,-1
6546,0,-1
6547,0,-1
6548,0,-1
6549,0,-1
6550,0,-1
6551,0,-1
6552,0,-1
6553,0,-1
6554,0,-1
6555,0,-1
6556,0,-1
6557,0,-1
6558,0,-1
6559,0,-1
6560,0,-1
6561,0,-1
6562,0,-1
6563,0,-1
6564,0,-1
6565,0,-1
6566,0,-1
6567,0,-1
6568,0,-1
6569,0,-1
6570,0,-1
6571,0,-1
6572,0,-1
6573,0,-1
6574,0,-1
6575,0,-1
6576,0,-1
6577,0,-1
6578,0,-1
6579,0,-1
6580,0,-1
6581,0,-1
6582,0,-1
6583,0,-1
6584,0,-1
6585,0,-1
6586,0,-1
6587,0,-1
6588,0,-1
6589,0,-1
6590,0,-1
6591,0,-1
6592,0,-1
6593,0,-1
6594,0,-1
6595,0,-1
6596,0,-1
6597,0,-1
6598,0,-1
6599,0,-1
6600,0,-1
6601,0,-1
6602,0,-1
6603,0,-1
6604,0,-1
6605,0,-1
6606,0,-1
6607,0,-1
6608,0,-1
6609,0,-1
6610,0,-1
6611,0,-1
6612,0,-1
6613,0,-1
6614,0,-1
6615,0,-1
6616,0,-1
6617,0,-1
6618,0,-1
6619,0,-1
6620,0,-1
6621,0,-1
6622,0,-1
6623,0,-1
6624,0,-1
6625,0,-1
6626,0,-1
6627,0,-1
6628,0,-1
6629,0,-1
6630,0,-1
6631,0,-1
6632,0,-1
6633,0,-1
6634,0,-1
6635,0,-1
6636,0,-1
6637,0,-1
6638,0,-1
6639,0,-1
6640,0,-1
6641,0,-1
6642,0,-1
6643,0,-1
6644,0,-1
6645,0,-1
6646,0,-1
6647,0,-1
6648,0,-1
6649,0,-1
6650,0,-1
6651,0,-1
6652,0,-1
6653,0,-1
6654,0,-1
6655,0,-1
6656,0,-1
6657,0,-1
6658,0,-1
6659,0,-1
6660,0,-1
6661,0,-1
6662,0,-1
6663,0,-1
6664,0,-1
6665,0,-1
6666,0,-1
6667,0,-1
6668,0,-1
6669,0,-1
6670,0,-1
6671,0,-1
6672,0,-1
6673,0,-1
6674,0,-1
6675,0,-1
6676,0,-1
6677,0,-1
6678,0,-1
6679,0,-1
6680,0,-1
6681,0,-1
6682,0,-1
6683,0,-1
6684,0,-1
6685,0,-1
6686,0,-1
6687,0,-1
6688,0,-1
6689,0,-1
6690,0,-1
6691,0,-1
6692,0,-1
6693,0,-1
6694,0,-1
6695,0,-1
6696,0,-1
6697,0,-1
6698,0,-1
6699,0,-1
6700,0,-1
6701,0,-1
6702,0,-1
6703,0,-1
6704,0,-1
6705,0,-1
6706,0,-1
6707,0,-1
6708,0,-1
6709,0,-1
6710,0,-1
6711,0,-1
6712,0,-1
6713,0,-1
6714,0,-1
6715,0,-1
6716,0,-1
6717,0,-1
6718,0,-1
6719,0,-1
6720,0,-1
6721,0,-1
6722,0,-1
6723,0,-1
6724,0,-1
6725,0,-1
6726,0,-1
6727,0,-1
6728,0,-1
6729,0,-1
6730,0,-1
6731,0,-1
6732,0,-1
6733,0,-1
6734,0,-1
6735,0,-1
6736,0,-1
6737,0,-1
6738,0,-1
6739,0,-1
6740,0,-1
6741,0,-1
6742,0,-1
6743,0,-1
6744,0,-1
6745,0,-1
6746,0,-1
6747,0,-1
6748,0,-1
6749,0,-1
6750,0,-1
6751,0,-1
6752,0,-1
6753,0,-1
6754,0,-1
6755,0,-1
6756,0,-1
6757,0,-1
6758,0,-1
6759,0,-1
6760,0,-1
6761,0,-1
6762,0,-1
6763,0,-1
6764,0,-1
6765,0,-1
6766,0,-1
6767,0,-1
6768,0,-1
6769,0,-1
6770,0,-1
6771,0,-1
6772,0,-1
6773,0,-1
6774,0,-1
6775,0,-1
6776,0,-1
6777,0,-1
6778,0,-1
6779,0,-1
6780,0,-1
6781,0,-1
6782,0,-1
6783,0,-1
6784,0,-1
6785,0,-1
6786,0,-1
6787,0,-1
6788,0,-1
6789,0,-1
6790,0,-1
6791,0,-1
6792,0,-1
6793,0,-1
6794,0,-1
6795,0,-1
6796,0,-1
6797,0,-1
6798,0,-1
6799,0,-1
6800,0,-1
6801,0,-1
6802,0,-1
6803,0,-1
6804,0,-1
6805,0,-1
6806,0,-1
6807,0,-1
6808,0,-1
6809,0,-1
6810,0,-1
6811,0,-1
6812,0,-1
6813,0,-1
6814,0,-1
6815,0,-1
6816,0,-1
6817,0,-1
6818,0,-1
6819,0,-1
6820,0,-1
6821,0,-1
6822,0,-1
6823,0,-1
6824,0,-1
6825,0,-1
6826,0,-1
6827,0,-1
6828,0,-1
6829,0,-1
6830,0,-1
6831,0,-1
6832,0,-1
6833,0,-1
6834,0,-1
6835,0,-1
6836,0,-1
6837,0,-1
6838,0,-1
6839,0,-1
6840,0,-1
6841,0,-1
6842,0,-1
6843,0,-1
6844,0,-1
6845,0,-1
6846,0,-1
6847,0,-1
6848,0,-1
6849,0,-1
6850,0,-1
6851,0,-1
6852,0,-1
6853,0,-1
6854,0,-1
6855,0,-1
6856,0,-1
6857,0,-1
6858,0,-1
6859,0,-1
6860,0,-1
6861,0,-1
6862,0,-1
6863,0,-1
6864,0,-1
6865,0,-1
6866,0,-1
6867,0,-1
6868,0,-1
6869,0,-1
6870,0,-1
6871,0,-1
6872,0,-1
6873,0,-1
6874,0,-1
6875,0,-1
6876,0,-1
6877,0,-1
6878,0,-1
6879,0,-1
6880,0,-1
6881,0,-1
6882,0,-1
6883,0,-1
6884,0,-1
6885,0,-1
6886,0,-1
6887,0,-1
6888,0,-1
6889,0,-1
6890,0,-1
6891,0,-1
6892,0,-1
6893,0,-1
6894,0,-1
6895,0,-1
6896,0,-1
6897,0,-1
6898,0,-1
6899,0,-1
6900,0,-1
6901,0,-1
6902,0,-1
6903,0,-1
6904,0,-1
6905,0,-1
6906,0,-1
6907,0,-1
6908,0,-1
6909,0,-1
6910,0,-1
6911,0,-1
6912,0,-1
6913,0,-1
6914,0,-1
6915,0,-1
6916,0,-1
6917,0,-1
6918,0,-1
6919,0,-1
6920,0,-1
6921,0,-1
6922,0,-1
6923,0,-1
6924,0,-1
6925,0,-1
6926,0,-1
6927,0,-1
6928,0,-1
6929,0,-1
6930,0,-1
6931,0,-1
6932,0,-1
6933,0,-1
6934,0,-1
6935,0,-1
6936,0,-1
6937,0,-1
6938,0,-1
6939,0,-1
6940,0,-1
6941,0,-1
6942,0,-1
6943,0,-1
6944,0,-1
6945,0,-1
6946,0,-1
6947,0,-1
6948,0,-1
6949,0,-1
6950,0,-1
6951,0,-1
6952,0,-1
6953,0,-1
6954,0,-1
6955,0,-1
6956,0,-1
6957,0,-1
6958,0,-1
6959,0,-1
6960,0,-1
6961,0,-1
6962,0,-1
6963,0,-1
6964,0,-1
6965,0,-1
6966,0,-1
6967,0,-1
6968,0,-1
6969,0,-1
6970,0,-1
6971,0,-1
6972,0,-1
6973,0,-1
6974,0,-1
6975,0,-1
6976,0,-1
6977,0,-1
6978,0,-1
6979,0,-1
6980,0,-1
6981,0,-1
6982,0,-1
6983,0,-1
6984,0,-1
6985,0,-1
6986,0,-1
6987,0,-1
6988,0,-1
6989,0,-1
6990,0,-1
6991,0,-1
6992,0,-1
6993,0,-1
6994,0,-1
6995,0,-1
6996,0,-1
6997,0,-1
6998,0,-1
6999,0,-1
7000,0,-1
7001,0,-1
7002,0,-1
7003,0,-1
7004,0,-1
7005,0,-1
7006,0,-1
7007,0,-1
7008,0,-1
7009,0,-1
7010,0,-1
7011,0,-1
7012,0,-1
7013,0,-1
7014,0,-1
7015,0,-1
7016,0,-1
7017,0,-1
7018,0,-1
7019,0,-1
7020,0,-1
7021,0,-1
7022,0,-1
7023,0,-1
7024,0,-1
7025,0,-1
7026,0,-1
7027,0,-1
7028,0,-1
7029,0,-1
7030,0,-1
7031,0,-1
7032,0,-1
7033,0,-1
7034,0,-1
7035,0,-1
7036,0,-1
7037,0,-1
7038,0,-1
7039,0,-1
7040,0,-1
7041,0,-1
7042,0,-1
7043,0,-1
7044,0,-1
7045,0,-1
7046,0,-1
7047,0,-1
7048,0,-1
7049,0,-1
7050,0,-1
7051,0,-1
7052,0,-1
7053,0,-1
7054,0,-1
7055,0,-1
7056,0,-1
7057,0,-1
7058,0,-1
7059,0,-1
7060,0,-1
7061,0,-1
7062,0,-1
7063,0,-1
7064,0,-1
7065,0,-1
7066,0,-1
7067,0,-1
7068,0,-1
7069,0,-1
7070,0,-1
7071,0,-1
7072,0,-1
7073,0,-1
7074,0,-1
7075,0,-1
7076,0,-1
7077,0,-1
7078,0,-1
7079,0,-1
7080,0,-1
7081,0,-1
7082,0,-1
7083,0,-1
7084,0,-1
7085,0,-1
7086,0,-1
7087,0,-1
7088,0,-1
7089,0,-1
7090,0,-1
7091,0,-1
7092,0,-1
7093,0,-1
7094,0,-1
7095,0,-1
7096,0,-1
7097,0,-1
7098,0,-1
7099,0,-1
7100,0,-1
7101,0,-1
7102,0,-1
7103,0,-1
7104,0,-1
7105,0,-1
7106,0,-1
7107,0,-1
7108,0,-1
7109,0,-1
7110,0,-1
7111,0,-1
7112,0,-1
7113,0,-1
7114,0,-1
7115,0,-1
7116,0,-1
7117,0,-1
7118,0,-1
7119,0,-1
7120,0,-1
7121,0,-1
7122,0,-1
7123,0,-1
7124,0,-1
7125,0,-1
7126,0,-1
7127,0,-1
7128,0,-1
7129,0,-1
7130,0,-1
7131,0,-1
7132,0,-1
7133,0,-1
7134,0,-1
7135,0,-1
7136,0,-1
7137,0,-1
7138,0,-1
7139,0,-1
7140,0,-1
7141,0,-1
7142,0,-1
7143,0,-1
7144,0,-1
7145,0,-1
7146,0,-1
7147,0,-1
7148,0,-1
7149,0,-1
7150,0,-1
7151,0,-1
7152,0,-1
7153,0,-1
7154,0,-1
7155,0,-1
7156,0,-1
7157,0,-1
7158,0,-1
7159,0,-1
7160,0,-1
7161,0,-1
7162,0,-1
7163,0,-1
7164,0,-1
7165,0,-1
7166,0,-1
7167,0,-1
7168,0,-1
7169,0,-1
7170,0,-1
7171,0,-1
7172,0,-1
7173,0,-1
7174,0,-1
7175,0,-1
7176,0,-1
7177,0,-1
7178,0,-1
7179,0,-1
7180,0,-1
7181,0,-1
7182,0,-1
7183,0,-1
7184,0,-1
7185,0,-1
7186,0,-1
7187,0,-1
7188,0,-1
7189,0,-1
7190,0,-1
7191,0,-1
7192,0,-1
7193,0,-1
7194,0,-1
7195,0,-1
7196,0,-1
7197,0,-1
7198,0,-1
7199,0,-1
7200,0,-1
7201,0,-1
7202,0,-1
7203,0,-1
7204,0,-1
7205,0,-1
7206,0,-1
7207,0,-1
7208,0,-1
7209,0,-1
7210,0,-1
7211,0,-1
7212,0,-1
7213,0,-1
7214,0,-1
7215,0,-1
7216,0,-1
7217,0,-1
7218,0,-1
7219,0,-1
7220,0,-1
7221,0,-1
7222,0,-1
7223,0,-1
7224,0,-1
7225,0,-1
7226,0,-1
7227,0,-1
7228,0,-1
7229,0,-1
7230,0,-1
7231,0,-1
7232,0,-1
7233,0,-1
7234,0,-1
7235,0,-1
7236,0,-1
7237,0,-1
7238,0,-1
7239,0,-1
7240,0,-1
7241,0,-1
7242,0,-1
7243,0,-1
7244,0,-1
7245,0,-1
7246,0,-1
7247,0,-1
7248,0,-1
7249,0,-1
7250,0,-1
7251,0,-1
7252,0,-1
7253,0,-1
7254,0,-1
7255,0,-1
7256,0,-1
7257,0,-1
7258,0,-1
7259,0,-1
7260,0,-1
7261,0,-1
7262,0,-1
7263,0,-1
7264,0,-1
7265,0,-1
7266,0,-1
7267,0,-1
7268,0,-1
7269,0,-1
7270,0,-1
7271,0,-1
7272,0,-1
7273,0,-1
7274,0,-1
7275,0,-1
7276,0,-1
7277,0,-1
7278,0,-1
7279,0,-1
7280,0,-1
7281,0,-1
7282,0,-1
7283,0,-1
7284,0,-1
7285,0,-1
7286,0,-1
7287,0,-1
7288,0,-1
7289,0,-1
7290,0,-1
7291,0,-1
7292,0,-1
7293,0,-1
7294,0,-1
7295,0,-1
7296,0,-1
7297,0,-1
7298,0,-1
7299,0,-1
7300,0,-1
7301,0,-1
7302,0,-1
7303,0,-1
7304,0,-1
7305,0,-1
7306,0,-1
7307,0,-1
7308,0,-1
7309,0,-1
7310,0,-1
7311,0,-1
7312,0,-1
7313,0,-1
7314,0,-1
7315,0,-1
7316,0,-1
7317,0,-1
7318,0,-1
7319,0,-1
7320,0,-1
7321,0,-1
7322,0,-1
7323,0,-1
7324,0,-1
7325,0,-1
7326,0,-1
7327,0,-1
7328,0,-1
7329,0,-1
7330,0,-1
7331,0,-1
7332,0,-1
7333,0,-1
7334,0,-1
7335,0,-1
7336,0,-1
7337,0,-1
7338,0,-1
7339,0,-1
7340,0,-1
7341,0,-1
7342,0,-1
7343,0,-1
7344,0,-1
7345,0,-1
7346,0,-1
7347,0,-1
7348,0,-1
7349,0,-1
7350,0,-1
7351,0,-1
7352,0,-1
7353,0,-1
7354,0,-1
7355,0,-1
7356,0,-1
7357,0,-1
7358,0,-1
7359,0,-1
7360,0,-1
7361,0,-1
7362,0,-1
7363,0,-1
7364,0,-1
7365,0,-1
7366,0,-1
7367,0,-1
7368,0,-1
7369,0,-1
7370,0,-1
7371,0,-1
7372,0,-1
7373,0,-1
7374,0,-1
7375,0,-1
7376,0,-1
7377,0,-1
7378,0,-1
7379,0,-1
7380,0,-1
7381,0,-1
7382,0,-1
7383,0,-1
7384,0,-1
7385,0,-1
7386,0,-1
7387,0,-1
7388,0,-1
7389,0,-1
7390,0,-1
7391,0,-1
7392,0,-1
7393,0,-1
7394,0,-1
7395,0,-1
7396,0,-1
7397,0,-1
7398,0,-1
7399,0,-1
7400,1,1
7401,1,1
7402,1,1
7403,1,1
7404,1,1
7405,1,1
7406,1,1
7407,1,1
7408,1,1
7409,1,1
7410,1,1
7411,1,1
7412,1,1
7413,1,1
7414,1,1
7415,1,1
7416,1,1
7417,1,1
7418,1,1
7419,1,1
7420,1,1
7421,1,1
7422,1,1
7423,1,1
7424,1,1
7425,1,1
7426,1,1
7427,1,1
7428,1,1
7429,1,1
7430,1,1
7431,1,1
7432,1,1
7433,1,1
7434,1,1
7435,1,1
7436,1,1
7437,1,1
7438,1,1
7439,1,1
7440,1,1
7441,1,1
7442,1,1
7443,1,1
7444,1,1
7445,1,1
7446,1,1
7447,1,1
7448,1,1
7449,1,1
7450,1,1
7451,1,1
7452,1,1
7453,1,1
7454,1,1
7455,1,1
7456,1,1
7457,1,1
7458,1,1
7459,1,1
7460,1,1
7461,1,1
7462,1,1
7463,1,1
7464,1,1
7465,1,1
7466,1,1
7467,1,1
7468,1,1
7469,1,1
7470,1,1
7471,1,1
7472,1,1
7473,1,1
7474,1,1
7475,1,1
7476,1,1
7477,1,1
7478,1,1
7479,1,1
7480,1,1
7481,1,1
7482,1,1
7483,1,1
7484,1,1
7485,1,1
7486,1,1
7487,1,1
7488,1,1
7489,1,1
7490,1,1
7491,1,1
7492,1,1
7493,1,1
7494,1,1
7495,1,1
7496,1,1
7497,1,1
7498,1,1
7499,1,1
7500,1,2
7501,1,2
7502,1,2
7503,1,2
7504,1,2
7505,1,2
7506,1,2
7507,1,2
7508,1,2
7509,1,2
7510,1,2
7511,1,2
7512,1,2
7513,1,2
7514,1,2
7515,1,2
7516,1,2
7517,1,2
7518,1,2
7519,1,2
7520,1,2
7521,1,2
7522,1,2
7523,1,2
7524,1,2
7525,1,2
7526,1,2
7527,1,2
7528,1,2
7529,1,2
7530,1,2
7531,1,2
7532,1,2
7533,1,2
7534,1,2
7535,1,2
7536,1,2
7537,1,2
7538,1,2
7539,1,2
7540,1,2
7541,1,2
7542,1,2
7543,1,2
7544,1,2
7545,1,2
7546,1,2
7547,1,2
7548,1,2
7549,1,2
7550,1,2
7551,1,2
7552,1,2
7553,1,2
7554,1,2
7555,1,2
7556,1,2
7557,1,2
7558,1,2
7559,1,2
7560,1,2
7561,1,2
7562,1,2
7563,1,2
7564,1,2
7565,1,2
7566,1,2
7567,1,2
7568,1,2
7569,1,2
7570,1,2
7571,1,2
7572,1,2
7573,1,2
7574,1,2
7575,1,2
7576,1,2
7577,1,2
7578,1,2
7579,1,2
7580,1,2
7581,1,2
7582,1,2
7583,1,2
7584,1,2
7585,1,2
7586,1,2
7587,1,2
7588,1,2
7589,1,2
7590,1,2
7591,1,2
7592,1,2
7593,1,2
7594,1,2
7595,1,2
7596,1,2
7597,1,2
7598,1,2
7599,1,2
7600,1,3
7601,1,3
7602,1,3
7603,1,3
7604,1,3
7605,1,3
7606,1,3
7607,1,3
7608,1,3
7609,1,3
7610,1,3
7611,1,3
7612,1,3
7613,1,3
7614,1,3
7615,1,3
7616,1,3
7617,1,3
7618,1,3
7619,1,3
7620,1,3
7621,1,3
7622,1,3
7623,1,3
7624,1,3
7625,1,3
7626,1,3
7627,1,3
7628,1,3
7629,1,3
7630,1,3
7631,1,3
7632,1,3
7633,1,3
7634,1,3
7635,1,3
7636,1,3
7637,1,3
7638,1,3
7639,1,3
7640,1,3
7641,1,3
7642,1,3
7643,1,3
7644,1,3
7645,1,3
7646,1,3
7647,1,3
7648,1,3
7649,1,3
7650,1,3
7651,1,3
7652,1,3
7653,1,3
7654,1,3
7655,1,3
7656,1,3
7657,1,3
7658,1,3
7659,1,3
7660,1,3
7661,1,3
7662,1,3
7663,1,3
7664,1,3
7665,1,3
7666,1,3
7667,1,3
7668,1,3
7669,1,3
7670,1,3
7671,1,3
7672,1,3
7673,1,3
7674,1,3
7675,1,3
7676,1,3
7677,1,3
7678,1,3
7679,1,3
7680,1,3
7681,1,3
7682,1,3
7683,1,3
7684,1,3
7685,1,3
7686,1,3
7687,1,3
7688,1,3
7689,1,3
7690,1,3
7691,1,3
7692,1,3
7693,1,3
7694,1,3
7695,1,3
7696,1,3
7697,1,3
7698,1,3
7699,1,3
7700,1,4
7701,1,4
7702,1,4
7703,1,4
7704,1,4
7705,1,4
7706,1,4
7707,1,4
7708,1,4
7709,1,4
7710,1,4
7711,1,4
7712,1,4
7713,1,4
7714,1,4
7715,1,4
7716,1,4
7717,1,4
7718,1,4
7719,1,4
7720,1,4
7721,1,4
7722,1,4
7723,1,4
7724,1,4
7725,1,4
7726,1,4
7727,1,4
7728,1,4
7729,1,4
7730,1,4
7731,1,4
7732,1,4
7733,1,4
7734,1,4
7735,1,4
7736,1,4
7737,1,4
7738,1,4
7739,1,4
7740,1,4
7741,1,4
7742,1,4
7743,1,4
7744,1,4
7745,1,4
7746,1,4
7747,1,4
7748,1,4
7749,1,4
7750,1,4
7751,1,4
7752,1,4
7753,1,4
7754,1,4
7755,1,4
7756,1,4
7757,1,4
7758,1,4
7759,1,4
7760,1,4
7761,1,4
7762,1,4
7763,1,4
7764,1,4
7765,1,4
7766,1,4
7767,1,4
7768,1,4
7769,1,4
7770,1,4
7771,1,4
7772,1,4
7773,1,4
7774,1,4
7775,1,4
7776,1,4
7777,1,4
7778,1,4
7779,1,4
7780,1,4
7781,1,4
7782,1,4
7783,1,4
7784,1,4
7785,1,4
7786,1,4
7787,1,4
7788,1,4
7789,1,4
7790,1,4
7791,1,4
7792,1,4
7793,1,4
7794,1,4
7795,1,4
7796,1,4
7797,1,4
7798,1,4
7799,1,4
7800,1,5
7801,1,5
7802,1,5
7803,1,5
7804,1,5
7805,1,5
7806,1,5
7807,1,5
7808,1,5
7809,1,5
7810,1,5
7811,1,5
7812,1,5
7813,1,5
7814,1,5
7815,1,5
7816,1,5
7817,1,5
7818,1,5
7819,1,5
7820,1,5
7821,1,5
7822,1,5
7823,1,5
7824,1,5
7825,1,5
7826,1,5
7827,1,5
7828,1,5
7829,1,5
7830,1,5
7831,1,5
7832,1,5
7833,1,5
7834,1,5
7835,1,5
7836,1,5
7837,1,5
7838,1,5
7839,1,5
7840,1,5
7841,1,5
7842,1,5
7843,1,5
7844,1,5
7845,1,5
7846,1,5
7847,1,5
7848,1,5
7849,1,5
7850,1,5
7851,1,5
7852,1,5
7853,1,5
7854,1,5
7855,1,5
7856,1,5
7857,1,5
7858,1,5
7859,1,5
7860,1,5
7861,1,5
7862,1,5
7863,1,5
7864,1,5
7865,1,5
7866,1,5
7867,1,5
7868,1,5
7869,1,5
7870,1,5
7871,1,5
7872,1,5
7873,1,5
7874,1,5
7875,1,5
7876,1,5
7877,1,5
7878,1,5
7879,1,5
7880,1,5
7881,1,5
7882,1,5
7883,1,5
7884,1,5
7885,1,5
7886,1,5
7887,1,5
7888,1,5
7889,1,5
7890,1,5
7891,1,5
7892,1,5
7893,1,5
7894,1,5
7895,1,5
7896,1,5
7897,1,5
7898,1,5
7899,1,5
7900,1,6
7901,1,6
7902,1,6
7903,1,6
7904,1,6
7905,1,6
7906,1,6
7907,1,6
7908,1,6
7909,1,6
7910,1,6
7911,1,6
7912,1,6
7913,1,6
7914,1,6
7915,1,6
7916,1,6
7917,1,6
7918,1,6
7919,1,6
7920,1,6
7921,1,6
7922,1,6
7923,1,6
7924,1,6
7925,1,6
7926,1,6
7927,1,6
7928,1,6
7929,1,6
7930,1,6
7931,1,6
7932,1,6
7933,1,6
7934,1,6
7935,1,6
7936,1,6
7937,1,6
7938,1,6
7939,1,6
7940,1,6
7941,1,6
7942,1,6
7943,1,6
7944,1,6
7945,1,6
7946,1,6
7947,1,6
7948,1,6
7949,1,6
7950,1,6
7951,1,6
7952,1,6
7953,1,6
7954,1,6
7955,1,6
7956,1,6
7957,1,6
7958,1,6
7959,1,6
7960,1,6
7961,1,6
7962,1,6
7963,1,6
7964,1,6
7965,1,6
7966,1,6
7967,1,6
7968,1,6
7969,1,6
7970,1,6
7971,1,6
7972,1,6
7973,1,6
7974,1,6
7975,1,6
7976,1,6
7977,1,6
7978,1,6
7979,1,6
7980,1,6
7981,1,6
7982,1,6
7983,1,6
7984,1,6
7985,1,6
7986,1,6
7987,1,6
7988,1,6
7989,1,6
7990,1,6
7991,1,6
7992,1,6
7993,1,6
7994,1,6
7995,1,6
7996,1,6
7997,1,6
7998,1,6
7999,1,6
8000,1,7
8001,1,7
8002,1,7
8003,1,7
8004,1,7
8005,1,7
8006,1,7
8007,1,7
8008,1,7
8009,1,7
8010,1,7
8011,1,7
8012,1,7
8013,1,7
8014,1,7
8015,1,7
8016,1,7
8017,1,7
8018,1,7
8019,1,7
8020,1,7
8021,1,7
8022,1,7
8023,1,7
8024,1,7
8025,1,7
8026,1,7
8027,1,7
8028,1,7
8029,1,7
8030,1,7
8031,1,7
8032,1,7
8033,1,7
8034,1,7
8035,1,7
8036,1,7
8037,1,7
8038,1,7
8039,1,7
8040,1,7
8041,1,7
8042,1,7
8043,1,7
8044,1,7
8045,1,7
8046,1,7
8047,1,7
8048,1,7
8049,1,7
8050,1,7
8051,1,7
8052,1,7
8053,1,7
8054,1,7
8055,1,7
8056,1,7
8057,1,7
8058,1,7
8059,1,7
8060,1,7
8061,1,7
8062,1,7
8063,1,7
8064,1,7
8065,1,7
8066,1,7
8067,1,7
8068,1,7
8069,1,7
8070,1,7
8071,1,7
8072,1,7
8073,1,7
8074,1,7
8075,1,7
8076,1,7
8077,1,7
8078,1,7
8079,1,7
8080,1,7
8081,1,7
8082,1,7
8083,1,7
8084,1,7
8085,1,7
8086,1,7
8087,1,7
8088,1,7
8089,1,7
8090,1,7
8091,1,7
8092,1,7
8093,1,7
8094,1,7
8095,1,7
8096,1,7
8097,1,7
8098,1,7
8099,1,7
8100,1,8
8101,1,8
8102,1,8
8103,1,8
8104,1,8
8105,1,8
8106,1,8
8107,1,8
8108,1,8
8109,1,8
8110,1,8
8111,1,8
8112,1,8
8113,1,8
8114,1,8
8115,1,8
8116,1,8
8117,1,8
8118,1,8
8119,1,8
8120,1,8
8121,1,8
8122,1,8
8123,1,8
8124,1,8
8125,1,8
8126,1,8
8127,1,8
8128,1,8
8129,1,8
8130,1,8
8131,1,8
8132,1,8
8133,1,8
8134,1,8
8135,1,8
8136,1,8
8137,1,8
8138,1,8
8139,1,8
8140,1,8
8141,1,8
8142,1,8
8143,1,8
8144,1,8
8145,1,8
8146,1,8
8147,1,8
8148,1,8
8149,1,8
8150,1,8
8151,1,8
8152,1,8
8153,1,8
8154,1,8
8155,1,8
8156,1,8
8157,1,8
8158,1,8
8159,1,8
8160,1,8
8161,1,8
8162,1,8
8163,1,8
8164,1,8
8165,1,8
8166,1,8
8167,1,8
8168,1,8
8169,1,8
8170,1,8
8171,1,8
8172,1,8
8173,1,8
8174,1,8
8175,1,8
8176,1,8
8177,1,8
8178,1,8
8179,1,8
8180,1,8
8181,1,8
8182,1,8
8183,1,8
8184,1,8
8185,1,8
8186,1,8
8187,1,8
8188,1,8
8189,1,8
8190,1,8
8191,1,8
8192,1,8
8193,1,8
8194,1,8
8195,1,8
8196,1,8
8197,1,8
8198,1,8
8199,1,8
8200,1,9
8201,1,9
8202,1,9
8203,1,9
8204,1,9
8205,1,9
8206,1,9
8207,1,9
8208,1,9
8209,1,9
8210,1,9
8211,1,9
8212,1,9
8213,1,9
8214,1,9
8215,1,9
8216,1,9
8217,1,9
8218,1,9
8219,1,9
8220,1,9
8221,1,9
8222,1,9
8223,1,9
8224,1,9
8225,1,9
8226,1,9
8227,1,9
8228,1,9
8229,1,9
8230,1,9
8231,1,9
8232,1,9
8233,1,9
8234,1,9
8235,1,9
8236,1,9
8237,1,9
8238,1,9
8239,1,9
8240,1,9
8241,1,9
8242,1,9
8243,1,9
8244,1,9
8245,1,9
8246,1,9
8247,1,9
8248,1,9
8249,1,9
8250,1,9
8251,1,9
8252,1,9
8253,1,9
8254,1,9
8255,1,9
8256,1,9
8257,1,9
8258,1,9
8259,1,9
8260,1,9
8261,1,9
8262,1,9
8263,1,9
8264,1,9
8265,1,9
8266,1,9
8267,1,9
8268,1,9
8269,1,9
8270,1,9
8271,1,9
8272,1,9
8273,1,9
8274,1,9
8275,1,9
8276,1,9
8277,1,9
8278,1,9
8279,1,9
8280,1,9
8281,1,9
8282,1,9
8283,1,9
8284,1,9
8285,1,9
8286,1,9
8287,1,9
8288,1,9
8289,1,9
8290,1,9
8291,1,9
8292,1,9
8293,1,9
8294,1,9
8295,1,9
8296,1,9
8297,1,9
8298,1,9
8299,1,9
8300,1,10
8301,1,10
8302,1,10
8303,1,10
8304,1,10
8305,1,10
8306,1,10
8307,1,10
8308,1,10
8309,1,10
8310,1,10
8311,1,10
8312,1,10
8313,1,10
8314,1,10
8315,1,10
8316,1,10
8317,1,10
8318,1,10
8319,1,10
8320,1,10
8321,1,10
8322,1,10
8323,1,10
8324,1,10
8325,1,10
8326,1,10
8327,1,10
8328,1,10
8329,1,10
8330,1,10
8331,1,10
8332,1,10
8333,1,10
8334,1,10
8335,1,10
8336,1,10
8337,1,10
8338,1,10
8339,1,10
8340,1,10
8341,1,10
8342,1,10
8343,1,10
8344,1,10
8345,1,10
8346,1,10
8347,1,10
8348,1,10
8349,1,10
8350,1,10
8351,1,10
8352,1,10
8353,1,10
8354,1,10
8355,1,10
8356,1,10
8357,1,10
8358,1,10
8359,1,10
8360,1,10
8361,1,10
8362,1,10
8363,1,10
8364,1,10
8365,1,10
8366,1,10
8367,1,10
8368,1,10
8369,1,10
8370,1,10
8371,1,10
8372,1,10
8373,1,10
8374,1,10
8375,1,10
8376,1,10
8377,1,10
8378,1,10
8379,1,10
8380,1,10
8381,1,10
8382,1,10
8383,1,10
8384,1,10
8385,1,10
8386,1,10
8387,1,10
8388,1,10
8389,1,10
8390,1,10
8391,1,10
8392,1,10
8393,1,10
8394,1,10
8395,1,10
8396,1,10
8397,1,10
8398,1,10
8399,1,10
8400,1,11
8401,1,11
8402,1,11
8403,1,11
8404,1,11
8405,1,11
8406,1,11
8407,1,11
8408,1,11
8409,1,11
8410,1,11
8411,1,11
8412,1,11
8413,1,11
8414,1,11
8415,1,11
8416,1,11
8417,1,11
8418,1,11
8419,1,11
8420,1,11
8421,1,11
8422,1,11
8423,1,11
8424,1,11
8425,1,11
8426,1,11
8427,1,11
8428,1,11
8429,1,11
8430,1,11
8431,1,11
8432,1,11
8433,1,11
8434,1,11
8435,1,11
8436,1,11
8437,1,11
8438,1,11
8439,1,11
8440,1,11
8441,1,11
8442,1,11
8443,1,11
8444,1,11
8445,1,11
8446,1,11
8447,1,11
8448,1,11
8449,1,11
8450,1,11
8451,1,11
8452,1,11
8453,1,11
8454,1,11
8455,1,11
8456,1,11
8457,1,11
8458,1,11
8459,1,11
8460,1,11
8461,1,11
8462,1,11
8463,1,11
8464,1,11
8465,1,11
8466,1,11
8467,1,11
8468,1,11
8469,1,11
8470,1,11
8471,1,11
8472,1,11
8473,1,11
8474,1,11
8475,1,11
8476,1,11
8477,1,11
8478,1,11
8479,1,11
8480,1,11
8481,1,11
8482,1,11
8483,1,11
8484,1,11
8485,1,11
8486,1,11
8487,1,11
8488,1,11
8489,1,11
8490,1,11
8491,1,11
8492,1,11
8493,1,11
8494,1,11
8495,1,11
8496,1,11
8497,1,11
8498,1,11
8499,1,11
8500,1,12
8501,1,12
8502,1,12
8503,1,12
8504,1,12
8505,1,12
8506,1,12
8507,1,12
8508,1,12
8509,1,12
8510,1,12
8511,1,12
8512,1,12
8513,1,12
8514,1,12
8515,1,12
8516,1,12
8517,1,12
8518,1,12
8519,1,12
8520,1,12
8521,1,12
8522,1,12
8523,1,12
8524,1,12
8525,1,12
8526,1,12
8527,1,12
8528,1,12
8529,1,12
8530,1,12
8531,1,12
8532,1,12
8533,1,12
8534,1,12
8535,1,12
8536,1,12
8537,1,12
8538,1,12
8539,1,12
8540,1,12
8541,1,12
8542,1,12
8543,1,12
8544,1,12
8545,1,12
8546,1,12
8547,1,12
8548,1,12
8549,1,12
8550,1,12
8551,1,12
8552,1,12
8553,1,12
8554,1,12
8555,1,12
8556,1,12
8557,1,12
8558,1,12
8559,1,12
8560,1,12
8561,1,12
8562,1,12
8563,1,12
8564,1,12
8565,1,12
8566,1,12
8567,1,12
8568,1,12
8569,1,12
8570,1,12
8571,1,12
8572,1,12
8573,1,12
8574,1,12
8575,1,12
8576,1,12
8577,1,12
8578,1,12
8579,1,12
8580,1,12
8581,1,12
8582,1,12
8583,1,12
8584,1,12
8585,1,12
8586,1,12
8587,1,12
8588,1,12
8589,1,12
8590,1,12
8591,1,12
8592,1,12
8593,1,12
8594,1,12
8595,1,12
8596,1,12
8597,1,12
8598,1,12
8599,1,12
8600,1,13
8601,1,13
8602,1,13
8603,1,13
8604,1,13
8605,1,13
8606,1,13
8607,1,13
8608,1,13
8609,1,13
8610,1,13
8611,1,13
8612,1,13
8613,1,13
8614,1,13
8615,1,13
8616,1,13
8617,1,13
8618,1,13
8619,1,13
8620,1,13
8621,1,13
8622,1,13
8623,1,13
8624,1,13
8625,1,13
8626,1,13
8627,1,13
8628,1,13
8629,1,13
8630,1,13
8631,1,13
8632,1,13
8633,1,13
8634,1,13
8635,1,13
8636,1,13
8637,1,13
8638,1,13
8639,1,13
8640,1,13
8641,1,13
8642,1,13
8643,1,13
8644,1,13
8645,1,13
8646,1,13
8647,1,13
8648,1,13
8649,1,13
8650,1,13
8651,1,13
8652,1,13
8653,1,13
8654,1,13
8655,1,13
8656,1,13
8657,1,13
8658,1,13
8659,1,13
8660,1,13
8661,1,13
8662,1,13
8663,1,13
8664,1,13
8665,1,13
8666,1,13
8667,1,13
8668,1,13
8669,1,13
8670,1,13
8671,1,13
8672,1,13
8673,1,13
8674,1,13
8675,1,13
8676,1,13
8677,1,13
8678,1,13
8679,1,13
8680,1,13
8681,1,13
8682,1,13
8683,1,13
8684,1,13
8685,1,13
8686,1,13
8687,1,13
8688,1,13
8689,1,13
8690,1,13
8691,1,13
8692,1,13
8693,1,13
8694,1,13
8695,1,13
8696,1,13
8697,1,13
8698,1,13
8699,1,13
8700,1,14
8701,1,14
8702,1,14
8703,1,14
8704,1,14
8705,1,14
8706,1,14
8707,1,14
8708,1,14
8709,1,14
8710,1,14
8711,1,14
8712,1,14
8713,1,14
8714,1,14
8715,1,14
8716,1,14
8717,1,14
8718,1,14
8719,1,14
8720,1,14
8721,1,14
8722,1,14
8723,1,14
8724,1,14
8725,1,14
8726,1,14
8727,1,14
8728,1,14
8729,1,14
8730,1,14
8731,1,14
8732,1,14
8733,1,14
8734,1,14
8735,1,14
8736,1,14
8737,1,14
8738,1,14
8739,1,14
8740,1,14
8741,1,14
8742,1,14
8743,1,14
8744,1,14
8745,1,14
8746,1,14
8747,1,14
8748,1,14
8749,1,14
8750,1,14
8751,1,14
8752,1,14
8753,1,14
8754,1,14
8755,1,14
8756,1,14
8757,1,14
8758,1,14
8759,1,14
8760,1,14
8761,1,14
8762,1,14
8763,1,14
8764,1,14
8765,1,14
8766,1,14
8767,1,14
8768,1,14
8769,1,14
8770,1,14
8771,1,14
8772,1,14
8773,1,14
8774,1,14
8775,1,14
8776,1,14
8777,1,14
8778,1,14
8779,1,14
8780,1,14
8781,1,14
8782,1,14
8783,1,14
8784,1,14
8785,1,14
8786,1,14
8787,1,14
8788,1,14
8789,1,14
8790,1,14
8791,1,14
8792,1,14
8793,1,14
8794,1,14
8795,1,14
8796,1,14
8797,1,14
8798,1,14
8799,1,14
8800,0,-1
8801,0,-1
8802,0,-1
8803,0,-1
8804,0,-1
8805,0,-1
8806,0,-1
8807,0,-1
8808,0,-1
8809,0,-1
8810,0,-1
8811,0,-1
8812,0,-1
8813,0,-1
8814,0,-1
8815,0,-1
8816,0,-1
8817,0,-1
8818,0,-1
8819,0,-1
8820,0,-1
8821,0,-1
8822,0,-1
8823,0,-1
8824,0,-1
8825,0,-1
8826,0,-1
8827,0,-1
8828,0,-1
8829,0,-1
8830,0,-1
8831,0,-1
8832,0,-1
8833,0,-1
8834,0,-1
8835,0,-1
8836,0,-1
8837,0,-1
8838,0,-1
8839,0,-1
8840,0,-1
8841,0,-1
8842,0,-1
8843,0,-1
8844,0,-1
8845,0,-1
8846,0,-1
8847,0,-1
8848,0,-1
8849,0,-1
8850,0,-1
8851,0,-1
8852,0,-1
8853,0,-1
8854,0,-1
8855,0,-1
8856,0,-1
8857,0,-1
8858,0,-1
8859,0,-1
8860,0,-1
8861,0,-1
8862,0,-1
8863,0,-1
8864,0,-1
8865,0,-1
8866,0,-1
8867,0,-1
8868,0,-1
8869,0,-1
8870,0,-1
8871,0,-1
8872,0,-1
8873,0,-1
8874,0,-1
8875,0,-1
8876,0,-1
8877,0,-1
8878,0,-1
8879,0,-1
8880,0,-1
8881,0,-1
8882,0,-1
8883,0,-1
8884,0,-1
8885,0,-1
8886,0,-1
8887,0,-1
8888,0,-1
8889,0,-1
8890,0,-1
8891,0,-1
8892,0,-1
8893,0,-1
8894,0,-1
8895,0,-1
8896,0,-1
8897,0,-1
8898,0,-1
8899,0,-1
8900,0,-1
8901,0,-1
8902,0,-1
8903,0,-1
8904,0,-1
8905,0,-1
8906,0,-1
8907,0,-1
8908,0,-1
8909,0,-1
8910,0,-1
8911,0,-1
8912,0,-1
8913,0,-1
8914,0,-1
8915,0,-1
8916,0,-1
8917,0,-1
8918,0,-1
8919,0,-1
8920,0,-1
8921,0,-1
8922,0,-1
8923,0,-1
8924,0,-1
8925,0,-1
8926,0,-1
8927,0,-1
8928,0,-1
8929,0,-1
8930,0,-1
8931,0,-1
8932,0,-1
8933,0,-1
8934,0,-1
8935,0,-1
8936,0,-1
8937,0,-1
8938,0,-1
8939,0,-1
8940,0,-1
8941,0,-1
8942,0,-1
8943,0,-1
8944,0,-1
8945,0,-1
8946,0,-1
8947,0,-1
8948,0,-1
8949,0,-1
8950,0,-1
8951,0,-1
8952,0,-1
8953,0,-1
8954,0,-1
8955,0,-1
8956,0,-1
8957,0,-1
8958,0,-1
8959,0,-1
8960,0,-1
8961,0,-1
8962,0,-1
8963,0,-1
8964,0,-1
8965,0,-1
8966,0,-1
8967,0,-1
8968,0,-1
8969,0,-1
8970,0,-1
8971,0,-1
8972,0,-1
8973,0,-1
8974,0,-1
8975,0,-1
8976,0,-1
8977,0,-1
8978,0,-1
8979,0,-1
8980,0,-1
8981,0,-1
8982,0,-1
8983,0,-1
8984,0,-1
8985,0,-1
8986,0,-1
8987,0,-1
8988,0,-1
8989,0,-1
8990,0,-1
8991,0,-1
8992,0,-1
8993,0,-1
8994,0,-1
8995,0,-1
8996,0,-1
8997,0,-1
8998,0,-1
8999,0,-1
9000,0,-1
9001,0,-1
9002,0,-1
9003,0,-1
9004,0,-1
9005,0,-1
9006,0,-1
9007,0,-1
9008,0,-1
9009,0,-1
9010,0,-1
9011,0,-1
9012,0,-1
9013,0,-1
9014,0,-1
9015,0,-1
9016,0,-1
9017,0,-1
9018,0,-1
9019,0,-1
9020,0,-1
9021,0,-1
9022,0,-1
9023,0,-1
9024,0,-1
9025,0,-1
9026,0,-1
9027,0,-1
9028,0,-1
9029,0,-1
9030,0,-1
9031,0,-1
9032,0,-1
9033,0,-1
9034,0,-1
9035,0,-1
9036,0,-1
9037,0,-1
9038,0,-1
9039,0,-1
9040,0,-1
9041,0,-1
9042,0,-1
9043,0,-1
9044,0,-1
9045,0,-1
9046,0,-1
9047,0,-1
9048,0,-1
9049,0,-1
9050,0,-1
9051,0,-1
9052,0,-1
9053,0,-1
9054,0,-1
9055,0,-1
9056,0,-1
9057,0,-1
9058,0,-1
9059,0,-1
9060,0,-1
9061,0,-1
9062,0,-1
9063,0,-1
9064,0,-1
9065,0,-1
9066,0,-1
9067,0,-1
9068,0,-1
9069,0,-1
9070,0,-1
9071,0,-1
9072,0,-1
9073,0,-1
9074,0,-1
9075,0,-1
9076,0,-1
9077,0,-1
9078,0,-1
9079,0,-1
9080,0,-1
9081,0,-1
9082,0,-1
9083,0,-1
9084,0,-1
9085,0,-1
9086,0,-1
9087,0,-1
9088,0,-1
9089,0,-1
9090,0,-1
9091,0,-1
9092,0,-1
9093,0,-1
9094,0,-1
9095,0,-1
9096,0,-1
9097,0,-1
9098,0,-1
9099,0,-1
9100,0,-1
9101,0,-1
9102,0,-1
9103,0,-1
9104,0,-1
9105,0,-1
9106,0,-1
9107,0,-1
9108,0,-1
9109,0,-1
9110,0,-1
9111,0,-1
9112,0,-1
9113,0,-1
9114,0,-1
9115,0,-1
9116,0,-1
9117,0,-1
9118,0,-1
9119,0,-1
9120,0,-1
9121,0,-1
9122,0,-1
9123,0,-1
9124,0,-1
9125,0,-1
9126,0,-1
9127,0,-1
9128,0,-1
9129,0,-1
9130,0,-1
9131,0,-1
9132,0,-1
9133,0,-1
9134,0,-1
9135,0,-1
9136,0,-1
9137,0,-1
9138,0,-1
9139,0,-1
9140,0,-1
9141,0,-1
9142,0,-1
9143,0,-1
9144,0,-1
9145,0,-1
9146,0,-1
9147,0,-1
9148,0,-1
9149,0,-1
9150,0,-1
9151,0,-1
9152,0,-1
9153,0,-1
9154,0,-1
9155,0,-1
9156,0,-1
9157,0,-1
9158,0,-1
9159,0,-1
9160,0,-1
9161,0,-1
9162,0,-1
9163,0,-1
9164,0,-1
9165,0,-1
9166,0,-1
9167,0,-1
9168,0,-1
9169,0,-1
9170,0,-1
9171,0,-1
9172,0,-1
9173,0,-1
9174,0,-1
9175,0,-1
9176,0,-1
9177,0,-1
9178,0,-1
9179,0,-1
9180,0,-1
9181,0,-1
9182,0,-1
9183,0,-1
9184,0,-1
9185,0,-1
9186,0,-1
9187,0,-1
9188,0,-1
9189,0,-1
9190,0,-1
9191,0,-1
9192,0,-1
9193,0,-1
9194,0,-1
9195,0,-1
9196,0,-1
9197,0,-1
9198,0,-1
9199,0,-1
9200,0,-1
9201,0,-1
9202,0,-1
9203,0,-1
9204,0,-1
9205,0,-1
9206,0,-1
9207,0,-1
9208,0,-1
9209,0,-1
9210,0,-1
9211,0,-1
9212,0,-1
9213,0,-1
9214,0,-1
9215,0,-1
9216,0,-1
9217,0,-1
9218,0,-1
9219,0,-1
9220,0,-1
9221,0,-1
9222,0,-1
9223,0,-1
9224,0,-1
9225,0,-1
9226,0,-1
9227,0,-1
9228,0,-1
9229,0,-1
9230,0,-1
9231,0,-1
9232,0,-1
9233,0,-1
9234,0,-1
9235,0,-1
9236,0,-1
9237,0,-1
9238,0,-1
9239,0,-1
9240,0,-1
9241,0,-1
9242,0,-1
9243,0,-1
9244,0,-1
9245,0,-1
9246,0,-1
9247,0,-1
9248,0,-1
9249,0,-1
9250,0,-1
9251,0,-1
9252,0,-1
9253,0,-1
9254,0,-1
9255,0,-1
9256,0,-1
9257,0,-1
9258,0,-1
9259,0,-1
9260,0,-1
9261,0,-1
9262,0,-1
9263,0,-1
9264,0,-1
9265,0,-1
9266,0,-1
9267,0,-1
9268,0,-1
9269,0,-1
9270,0,-1
9271,0,-1
9272,0,-1
9273,0,-1
9274,0,-1
9275,0,-1
9276,0,-1
9277,0,-1
9278,0,-1
9279,0,-1
9280,0,-1
9281,0,-1
9282,0,-1
9283,0,-1
9284,0,-1
9285,0,-1
9286,0,-1
9287,0,-1
9288,0,-1
9289,0,-1
9290,0,-1
9291,0,-1
9292,0,-1
9293,0,-1
9294,0,-1
9295,0,-1
9296,0,-1
9297,0,-1
9298,0,-1
9299,0,-1
9300,0,-1
9301,0,-1
9302,0,-1
9303,0,-1
9304,0,-1
9305,0,-1
9306,0,-1
9307,0,-1
9308,0,-1
9309,0,-1
9310,0,-1
9311,0,-1
9312,0,-1
9313,0,-1
9314,0,-1
9315,0,-1
9316,0,-1
9317,0,-1
9318,0,-1
9319,0,-1
9320,0,-1
9321,0,-1
9322,0,-1
9323,0,-1
9324,0,-1
9325,0,-1
9326,0,-1
9327,0,-1
9328,0,-1
9329,0,-1
9330,0,-1
9331,0,-1
9332,0,-1
9333,0,-1
9334,0,-1
9335,0,-1
9336,0,-1
9337,0,-1
9338,0,-1
9339,0,-1
9340,0,-1
9341,0,-1
9342,0,-1
9343,0,-1
9344,0,-1
9345,0,-1
9346,0,-1
9347,0,-1
9348,0,-1
9349,0,-1
9350,0,-1
9351,0,-1
9352,0,-1
9353,0,-1
9354,0,-1
9355,0,-1
9356,0,-1
9357,0,-1
9358,0,-1
9359,0,-1
9360,0,-1
9361,0,-1
9362,0,-1
9363,0,-1
9364,0,-1
9365,0,-1
9366,0,-1
9367,0,-1
9368,0,-1
9369,0,-1
9370,0,-1
9371,0,-1
9372,0,-1
9373,0,-1
9374,0,-1
9375,0,-1
9376,0,-1
9377,0,-1
9378,0,-1
9379,0,-1
9380,0,-1
9381,0,-1
9382,0,-1
9383,0,-1
9384,0,-1
9385,0,-1
9386,0,-1
9387,0,-1
9388,0,-1
9389,0,-1
9390,0,-1
9391,0,-1
9392,0,-1
9393,0,-1
9394,0,-1
9395,0,-1
9396,0,-1
9397,0,-1
9398,0,-1
9399,0,-1
9400,0,-1
9401,0,-1
9402,0,-1
9403,0,-1
9404,0,-1
9405,0,-1
9406,0,-1
9407,0,-1
9408,0,-1
9409,0,-1
9410,0,-1
9411,0,-1
9412,0,-1
9413,0,-1
9414,0,-1
9415,0,-1
9416,0,-1
9417,0,-1
9418,0,-1
9419,0,-1
9420,0,-1
9421,0,-1
9422,0,-1
9423,0,-1
9424,0,-1
9425,0,-1
9426,0,-1
9427,0,-1
9428,0,-1
9429,0,-1
9430,0,-1
9431,0,-1
9432,0,-1
9433,0,-1
9434,0,-1
9435,0,-1
9436,0,-1
9437,0,-1
9438,0,-1
9439,0,-1
9440,0,-1
9441,0,-1
9442,0,-1
9443,0,-1
9444,0,-1
9445,0,-1
9446,0,-1
9447,0,-1
9448,0,-1
9449,0,-1
9450,0,-1
9451,0,-1
9452,0,-1
9453,0,-1
9454,0,-1
9455,0,-1
9456,0,-1
9457,0,-1
9458,0,-1
9459,0,-1
9460,0,-1
9461,0,-1
9462,0,-1
9463,0,-1
9464,0,-1
9465,0,-1
9466,0,-1
9467,0,-1
9468,0,-1
9469,0,-1
9470,0,-1
9471,0,-1
9472,0,-1
9473,0,-1
9474,0,-1
9475,0,-1
9476,0,-1
9477,0,-1
9478,0,-1
9479,0,-1
9480,0,-1
9481,0,-1
9482,0,-1
9483,0,-1
9484,0,-1
9485,0,-1
9486,0,-1
9487,0,-1
9488,0,-1
9489,0,-1
9490,0,-1
9491,0,-1
9492,0,-1
9493,0,-1
9494,0,-1
9495,0,-1
9496,0,-1
9497,0,-1
9498,0,-1
9499,0,-1
9500,0,-1
9501,0,-1
9502,0,-1
9503,0,-1
9504,0,-1
9505,0,-1
9506,0,-1
9507,0,-1
9508,0,-1
9509,0,-1
9510,0,-1
9511,0,-1
9512,0,-1
9513,0,-1
9514,0,-1
9515,0,-1
9516,0,-1
9517,0,-1
9518,0,-1
9519,0,-1
9520,0,-1
9521,0,-1
9522,0,-1
9523,0,-1
9524,0,-1
9525,0,-1
9526,0,-1
9527,0,-1
9528,0,-1
9529,0,-1
9530,0,-1
9531,0,-1
9532,0,-1
9533,0,-1
9534,0,-1
9535,0,-1
9536,0,-1
9537,0,-1
9538,0,-1
9539,0,-1
9540,0,-1
9541,0,-1
9542,0,-1
9543,0,-1
9544,0,-1
9545,0,-1
9546,0,-1
9547,0,-1
9548,0,-1
9549,0,-1
9550,0,-1
9551,0,-1
9552,0,-1
9553,0,-1
9554,0,-1
9555,0,-1
9556,0,-1
9557,0,-1
9558,0,-1
9559,0,-1
9560,0,-1
9561,0,-1
9562,0,-1
9563,0,-1
9564,0,-1
9565,0,-1
9566,0,-1
9567,0,-1
9568,0,-1
9569,0,-1
9570,0,-1
9571,0,-1
9572,0,-1
9573,0,-1
9574,0,-1
9575,0,-1
9576,0,-1
9577,0,-1
9578,0,-1
9579,0,-1
9580,0,-1
9581,0,-1
9582,0,-1
9583,0,-1
9584,0,-1
9585,0,-1
9586,0,-1
9587,0,-1
9588,0,-1
9589,0,-1
9590,0,-1
9591,0,-1
9592,0,-1
9593,0,-1
9594,0,-1
9595,0,-1
9596,0,-1
9597,0,-1
9598,0,-1
9599,0,-1
9600,0,-1
9601,0,-1
9602,0,-1
9603,0,-1
9604,0,-1
9605,0,-1
9606,0,-1
9607,0,-1
9608,0,-1
9609,0,-1
9610,0,-1
9611,0,-1
9612,0,-1
9613,0,-1
9614,0,-1
9615,0,-1
9616,0,-1
9617,0,-1
9618,0,-1
9619,0,-1
9620,0,-1
9621,0,-1
9622,0,-1
9623,0,-1
9624,0,-1
9625,0,-1
9626,0,-1
9627,0,-1
9628,0,-1
9629,0,-1
9630,0,-1
9631,0,-1
9632,0,-1
9633,0,-1
9634,0,-1
9635,0,-1
9636,0,-1
9637,0,-1
9638,0,-1
9639,0,-1
9640,0,-1
9641,0,-1
9642,0,-1
9643,0,-1
9644,0,-1
9645,0,-1
9646,0,-1
9647,0,-1
9648,0,-1
9649,0,-1
9650,0,-1
9651,0,-1
9652,0,-1
9653,0,-1
9654,0,-1
9655,0,-1
9656,0,-1
9657,0,-1
9658,0,-1
9659,0,-1
9660,0,-1
9661,0,-1
9662,0,-1
9663,0,-1
9664,0,-1
9665,0,-1
9666,0,-1
9667,0,-1
9668,0,-1
9669,0,-1
9670,0,-1
9671,0,-1
9672,0,-1
9673,0,-1
9674,0,-1
9675,0,-1
9676,0,-1
9677,0,-1
9678,0,-1
9679,0,-1
9680,0,-1
9681,0,-1
9682,0,-1
9683,0,-1
9684,0,-1
9685,0,-1
9686,0,-1
9687,0,-1
9688,0,-1
9689,0,-1
9690,0,-1
9691,0,-1
9692,0,-1
9693,0,-1
9694,0,-1
9695,0,-1
9696,0,-1
9697,0,-1
9698,0,-1
9699,0,-1
9700,0,-1
9701,0,-1
9702,0,-1
9703,0,-1
9704,0,-1
9705,0,-1
9706,0,-1
9707,0,-1
9708,0,-1
9709,0,-1
9710,0,-1
9711,0,-1
9712,0,-1
9713,0,-1
9714,0,-1
9715,0,-1
9716,0,-1
9717,0,-1
9718,0,-1
9719,0,-1
9720,0,-1
9721,0,-1
9722,0,-1
9723,0,-1
9724,0,-1
9725,0,-1
9726,0,-1
9727,0,-1
9728,0,-1
9729,0,-1
9730,0,-1
9731,0,-1
9732,0,-1
9733,0,-1
9734,0,-1
9735,0,-1
9736,0,-1
9737,0,-1
9738,0,-1
9739,0,-1
9740,0,-1
9741,0,-1
9742,0,-1
9743,0,-1
9744,0,-1
9745,0,-1
9746,0,-1
9747,0,-1
9748,0,-1
9749,0,-1
9750,0,-1
9751,0,-1
9752,0,-1
9753,0,-1
9754,0,-1
9755,0,-1
9756,0,-1
9757,0,-1
9758,0,-1
9759,0,-1
9760,0,-1
9761,0,-1
9762,0,-1
9763,0,-1
9764,0,-1
9765,0,-1
9766,0,-1
9767,0,-1
9768,0,-1
9769,0,-1
9770,0,-1
9771,0,-1
9772,0,-1
9773,0,-1
9774,0,-1
9775,0,-1
9776,0,-1
9777,0,-1
9778,0,-1
9779,0,-1
9780,0,-1
9781,0,-1
9782,0,-1
9783,0,-1
9784,0,-1
9785,0,-1
9786,0,-1
9787,0,-1
9788,0,-1
9789,0,-1
9790,0,-1
9791,0,-1
9792,0,-1
9793,0,-1
9794,0,-1
9795,0,-1
9796,0,-1
9797,0,-1
9798,0,-1
9799,0,-1
